Workbook
Name \\c: Fire!#REF!
Name \\c: HVAC!#REF!
Name \\c: Plumbing!#REF!
Name \\c: SUMM!#REF!
Name \\c: #REF!
Name \\x: Fire!#REF!
Name \\x: HVAC!#REF!
Name \\x: Plumbing!#REF!
Name \\x: SUMM!#REF!
Name \\x: #REF!
Name \\xx: #REF!
Name \\xx: #REF!
Name \\xx: #REF!
Name \d: '[1]6.1-TRI'!#REF!
Name \d: '[1]6.1-TRI'!#REF!
Name \d: '[1]6.1-TRI'!#REF!
Name \e: '[1]6.1-TRI'!#REF!
Name \e: '[1]6.1-TRI'!#REF!
Name \e: '[1]6.1-TRI'!#REF!
Name \i: '[1]6.1-TRI'!#REF!
Name \i: '[1]6.1-TRI'!#REF!
Name \i: '[1]6.1-TRI'!#REF!
Name \m: '[1]6.1-TRI'!#REF!
Name \m: '[1]6.1-TRI'!#REF!
Name \m: '[1]6.1-TRI'!#REF!
Name \X: '[2]URA-C1'!#REF!
Name \X: '[2]URA-C1'!#REF!
Name \X: '[2]URA-C1'!#REF!
Name \z: '[3]URA-C1'!#REF!
Name \z: '[3]URA-C1'!#REF!
Name \z: '[3]URA-C1'!#REF!
Name _____________________________________MS16: #REF!
Name _____________________________________MS16: #REF!
Name _____________________________________MS16: #REF!
Name _____________________________________MS6: #REF!
Name _____________________________________MS6: #REF!
Name _____________________________________MS6: #REF!
Name ____________________________________MS16: #REF!
Name ____________________________________MS16: #REF!
Name ____________________________________MS16: #REF!
Name ____________________________________MS6: #REF!
Name ____________________________________MS6: #REF!
Name ____________________________________MS6: #REF!
Name ___________________________________MS16: #REF!
Name ___________________________________MS16: #REF!
Name ___________________________________MS16: #REF!
Name ___________________________________MS6: #REF!
Name ___________________________________MS6: #REF!
Name ___________________________________MS6: #REF!
Name __________________________________MS16: #REF!
Name __________________________________MS16: #REF!
Name __________________________________MS16: #REF!
Name __________________________________MS6: #REF!
Name __________________________________MS6: #REF!
Name __________________________________MS6: #REF!
Name _________________________________MS16: #REF!
Name _________________________________MS16: #REF!
Name _________________________________MS16: #REF!
Name _________________________________MS6: #REF!
Name _________________________________MS6: #REF!

Sheet SUMM
A1: DOLMEN CITY FAMILY AREA, SECOND FLOOR | I1: Voice for Plumbing BOQ clarity
A4: S.NO | B4: SUMMARY OF COST | C4: Material | D4: Labour | E4: PES Rebated Amount | G4: PES Original Amount
A6: 1 | B6: HVAC | C6: =HVAC!H88 -> 1659649.5 | D6: =HVAC!J88 -> 639360 | E6: =D6+C6 -> 2299009.5 | G6: 2299009.5
A8: 2 | B8: Fire Fighting | C8: =Fire!F90 -> 500600 | D8: =Fire!H90 -> 198000 | E8: =D8+C8 -> 698600 | G8: 698600
A10: 3 | B10: Plumbing | C10: =Plumbing!G97 -> 2403937.5 | D10: =Plumbing!I97 -> 354315.5 | E10: =D10+C10 -> 2758253 | G10: 3338206
B13: Total Amount | E13: =E10+E8+E6 -> 5755862.5 | G13: =G10+G8+G6 -> 6335815.5
E14: =(E13-G13)/G13 -> -0.091535652

Sheet HVAC
A1: DOLMEN CITY FAMILY AREA, SECOND FLOOR | L1: BILL OF QUANTITIES
A2: HVAC WORKS | L2: DATED: APRIL 12, 2023
A4: BILL OF QUANTITIES
A6: (1) | B6: (2) | E6: (3) | F6: (4) | G6: (5) | H6: (6) | I6: (7) | J6: (8) | K6: (9) | L6: (10)
A7: ITEM NO. | B7: DESCRIPTION | E7: ESTIMATED QUANTITY | F7: UNIT | G7: MATERIAL | I7: INSTALLATION | K7: TOTAL
G8: RATE | H8: AMOUNT | I8: RATE | J8: AMOUNT | K8: RATE | L8: AMOUNT
G9: (Rs.) | H9: (Rs.) | I9: (Rs.) | J9: (Rs.) | K9: (Rs.) | L9: (Rs.)
H10: (3) x (5) | J10: (3) x (7) | K10: (5) + (7) | L10: (6) + (8)
A11: 1 | B11: HYDRONIC PIPING & SPECIALITIES (SECTION 23 21 13 & DS/1637-23 21 13)
A12: 1.1 | B12: Drain Piping uPVC Pressure Pipe (IP/1) (Section 23 21 13 & DS/1637-23 21 13)
A13: 1.1.1 | B13: Ø 1" (Ø 25mm) | E13: 12 | F13: Rm | G13: 765 | H13: =G13*E13 -> 9180 | I13: 150 | J13: =I13*E13 -> 1800 | L13: =J13+H13 -> 10980
A14: 1.1.2 | B14: Pipe Sleeves | E14: 1 | F14: Lot | G14: 4000 | H14: =G14*E14 -> 4000 | I14: 1000 | J14: =I14*E14 -> 1000 | L14: =J14+H14 -> 5000
A15: 1.1.3 | B15: Pipe Supports (Section 23 05 29) | E15: 1 | F15: Lot | G15: 18000 | H15: =G15*E15 -> 18000 | I15: 2000 | J15: =I15*E15 -> 2000 | L15: =J15+H15 -> 20000
A16: Sub-total Carried to Summary | H16: =SUM(H13:H15) -> 31180 | J16: =SUM(J13:J15) -> 4800 | L16: =SUM(L13:L15) -> 35980
A17: 2 | B17: DUCT WORK (MACHINE MADE) (SECTION 23 31 13)
A18: 2.1 | B18: Sheet Metal Duct Work (Air Conditioning) (Supply Air), Machine made Ducts (Section 23 31 13) | E18: 74 | F18: m2 | G18: 4900 | H18: =G18*E18 -> 362600 | I18: 900 | J18: =I18*E18 -> 66600 | L18: =J18+H18 -> 429200
A19: 2.2 | B19: Sheet Metal Duct Work (Air Conditioning) (Return Air), Machine made Ducts (Section 23 31 13) | E19: 5.6 | F19: m2 | G19: 4900 | H19: =G19*E19 -> 27440 | I19: 900 | J19: =I19*E19 -> 5040 | L19: =J19+H19 -> 32480
A20: 2.3 | B20: Sheet Metal Duct Work (Exhaust Air) Machine made Ducts (Section 23 31 13) | E20: 12.1 | F20: m2 | G20: 4900 | H20: =G20*E20 -> 59290 | I20: 900 | J20: =I20*E20 -> 10890 | L20: =J20+H20 -> 70180
A21: 2.4 | B21: Inspection and Insulation Replacement of Existing AHU C2-12 Supply Duct | E21: 1 | F21: Lot | G21: 72000 | H21: =G21*E21 -> 72000 | I21: 12000 | J21: =I21*E21 -> 12000 | L21: =J21+H21 -> 84000
A22: 2.5 | B22: Volume Control Damper | E22: 1 | F22: Lot | G22: 48500 | H22: =G22*E22 -> 48500 | I22: 7000 | J22: =I22*E22 -> 7000 | L22: =J22+H22 -> 55500
A23: 2.6 | B23: Duct Test Holes | E23: 1 | F23: Lot | H23: =G23*E23 -> 0 | J23: =I23*E23 -> 0 | L23: =J23+H23 -> 0
A24: 2.7 | B24: Duct Supports (Hot Dipped Galvanized up to 50 to 70 Micron) System | E24: 1 | F24: Lot | G24: 45000 | H24: =G24*E24 -> 45000 | I24: 15000 | J24: =I24*E24 -> 15000 | L24: =J24+H24 -> 60000
A25: 2.8 | B25: G.I Frame as Duct Sleeves | E25: 1 | F25: Lot | G25: 11000 | H25: =G25*E25 -> 11000 | I25: 2000 | J25: =I25*E25 -> 2000 | L25: =J25+H25 -> 13000
A26: Sub-total Carried to Summary | H26: =SUM(H18:H25) -> 625830 | J26: =SUM(J18:J25) -> 118530 | L26: =SUM(L18:L25) -> 744360
A27: 3 | B27: SOUND LINERS ON SUPPLY AND RETURN AIR DUCTS (SECTION 23 33 19)
A28: 3.1 | B28: Supply Air Duct (32"x18") | E28: 2.5 | F28: Rm | G28: 7500 | H28: =G28*E28 -> 18750 | I28: 1000 | J28: =I28*E28 -> 2500 | L28: =J28+H28 -> 21250
A29: 3.2 | B29: Return Air Duct (14"x12") | E29: 2.05 | F29: Rm | G29: 5190 | H29: =G29*E29 -> 10639.5 | I29: 1000 | J29: =I29*E29 -> 2050 | L29: =J29+H29 -> 12689.5
A30: Sub-total Carried to Summary | H30: =SUM(H28:H29) -> 29389.5 | J30: =SUM(J28:J29) -> 4550 | L30: =SUM(L28:L29) -> 33939.5
A31: 4 | B31: THERMAL INSULATION (SECTION 23 07 13 & 23 07 19)
A32: 4.1 | B32: Sheet Metal Duct Work (Air-Conditioning) (Supply Air, Return Air & Fresh Air) | E32: =E18+E19 -> 79.6 | F32: m2 | G32: 6750 | H32: =G32*E32 -> 537300 | I32: 700 | J32: =I32*E32 -> 55720 | L32: =J32+H32 -> 593020
A33: 4.2 | B33: Sheet Metal Duct Work (Exhaust Air) | E33: =E20 -> 12.1 | F33: m2 | G33: 5900 | H33: =G33*E33 -> 71390 | I33: 600 | J33: =I33*E33 -> 7260 | L33: =J33+H33 -> 78650
A34: Sub-total Carried to Summary | H34: =SUM(H32:H33) -> 608690 | J34: =SUM(J32:J33) -> 62980 | L34: =SUM(L32:L33) -> 671670
A35: 5 | B35: AIR DEVICES (SECTION 23 37 13)
A36: 5.1 | B36: Supply & Installation of Tuttle & Bailey Supply Air Linear Slot Diffuser (Series 6000)
A37: 5.1.1 | B37: Air Terminal Number (ST-01) | E37: 1 | F37: No. | G37: 3200 | H37: =G37*E37 -> 3200 | I37: 1000 | J37: =I37*E37 -> 1000 | L37: =J37+H37 -> 4200
A38: 5.1.2 | B38: Air Terminal Number (ST-02) | E38: 1 | F38: No. | G38: 3200 | H38: =G38*E38 -> 3200 | I38: 1000 | J38: =I38*E38 -> 1000 | L38: =J38+H38 -> 4200
A39: 5.1.3 | B39: Air Terminal Number (ST-03) | E39: 1 | F39: No. | G39: 4700 | H39: =G39*E39 -> 4700 | I39: 1000 | J39: =I39*E39 -> 1000 | L39: =J39+H39 -> 5700
A40: 5.1.4 | B40: Air Terminal Number (ST-04) | E40: 1 | F40: No. | G40: 5880 | H40: =G40*E40 -> 5880 | I40: 1000 | J40: =I40*E40 -> 1000 | L40: =J40+H40 -> 6880
A41: 5.1.5 | B41: Air Terminal Number (ST-05) | E41: 1 | F41: No. | G41: 3300 | H41: =G41*E41 -> 3300 | I41: 1000 | J41: =I41*E41 -> 1000 | L41: =J41+H41 -> 4300
A42: 5.1.6 | B42: Air Terminal Number (ST-06) | E42: 3 | F42: Nos. | G42: 5880 | H42: =G42*E42 -> 17640 | I42: 1000 | J42: =I42*E42 -> 3000 | L42: =J42+H42 -> 20640
A43: 5.1.7 | B43: Air Terminal Number (ST-07) | E43: 1 | F43: No. | G43: 7050 | H43: =G43*E43 -> 7050 | I43: 1000 | J43: =I43*E43 -> 1000 | L43: =J43+H43 -> 8050
A44: 5.2 | B44: Supply & Installation of Round Diffuser (Tuttle & Bailey)
A45: 5.2.1 | B45: Air Terminal Number (ST-08) | E45: 1 | F45: No. | G45: 4560 | H45: =G45*E45 -> 4560 | I45: 1000 | J45: =I45*E45 -> 1000 | L45: =J45+H45 -> 5560
A46: 5.2.2 | B46: Air Terminal Number (ST-09) | E46: 4 | F46: Nos. | G46: 4560 | H46: =G46*E46 -> 18240 | I46: 1000 | J46: =I46*E46 -> 4000 | L46: =J46+H46 -> 22240
A47: 5.2.3 | B47: Air Terminal Number (RT-10) | E47: 3 | F47: Nos. | G47: 4560 | H47: =G47*E47 -> 13680 | I47: 1000 | J47: =I47*E47 -> 3000 | L47: =J47+H47 -> 16680
A48: 5.3 | B48: Supply & Installation of Tuttle & Bailey Return Air Linear Slot Diffuser (Series 6000)
A49: 5.3.1 | B49: Air Terminal Number (RT-01) | E49: 1 | F49: No. | G49: 14900 | H49: =G49*E49 -> 14900 | I49: 1000 | J49: =I49*E49 -> 1000 | L49: =J49+H49 -> 15900
A50: 5.3.2 | B50: Air Terminal Number (RT-02) | E50: 1 | F50: No. | G50: 8700 | H50: =G50*E50 -> 8700 | I50: 1000 | J50: =I50*E50 -> 1000 | L50: =J50+H50 -> 9700
A51: 5.3.3 | B51: Air Terminal Number (RT-03) | E51: 3 | F51: Nos. | G51: 5320 | H51: =G51*E51 -> 15960 | I51: 1000 | J51: =I51*E51 -> 3000 | L51: =J51+H51 -> 18960
A52: 5.3.4 | B52: Air Terminal Number (RT-04) | E52: 1 | F52: No. | G52: 3200 | H52: =G52*E52 -> 3200 | I52: 1000 | J52: =I52*E52 -> 1000 | L52: =J52+H52 -> 4200
A53: 5.3.5 | B53: Air Terminal Number (RT-05) | E53: 1 | F53: No. | G53: 3200 | H53: =G53*E53 -> 3200 | I53: 1000 | J53: =I53*E53 -> 1000 | L53: =J53+H53 -> 4200
A54: 5.3.6 | B54: Air Terminal Number (RT-06) | E54: 1 | F54: No. | G54: 4700 | H54: =G54*E54 -> 4700 | I54: 1000 | J54: =I54*E54 -> 1000 | L54: =J54+H54 -> 5700
A55: 5.3.7 | B55: Air Terminal Number (RT-07) | E55: 1 | F55: No. | G55: 5850 | H55: =G55*E55 -> 5850 | I55: 1000 | J55: =I55*E55 -> 1000 | L55: =J55+H55 -> 6850
A56: 5.3.8 | B56: Air Terminal Number (RT-08) | E56: 1 | F56: No. | G56: 3200 | H56: =G56*E56 -> 3200 | I56: 1000 | J56: =I56*E56 -> 1000 | L56: =J56+H56 -> 4200
A57: 5.4 | B57: Supply & Installation of R.A.G A70
A58: 5.4.1 | B58: Air Terminal Number (ET-01) | E58: 7 | F58: Nos. | G58: 1200 | H58: =G58*E58 -> 8400 | I58: 500 | J58: =I58*E58 -> 3500 | L58: =J58+H58 -> 11900
A59: Sub-total Carried to Summary | H59: =SUM(H37:H58) -> 149560 | J59: =SUM(J37:J58) -> 30500 | L59: =SUM(L37:L58) -> 180060
A60: 6 | B60: FANS (SECTION 23 34 13 & DS/1283E-23 34 13)
A61: 6.1 | B61: Supply & Installation of Tube Axial Exhaust Fan (FN/01) | E61: 1 | F61: No. | G61: 215000 | H61: =G61*E61 -> 215000 | I61: 8000 | J61: =I61*E61 -> 8000 | L61: =J61+H61 -> 223000
A62: 6.2 | B62: Commissioning & Testing | E62: 1 | F62: Lot | G62: 0 | H62: =G62*E62 -> 0 | I62: 90000 | J62: =I62*E62 -> 90000 | L62: =J62+H62 -> 90000
A63: Sub-total Carried to Summary | H63: =SUM(H61:H62) -> 215000 | J63: =SUM(J61:J62) -> 98000 | L63: =SUM(L61:L62) -> 313000
A64: 7 | B64: AIR HANDLING UNITS (REFER SECTION 23 73 10 & DS/1283E-23 73 10) (OWNER FURNISHED)
A65: 7.1 | B65: Installation of Owner Furnished Air Handling Unit (AHU-00248) | E65: 1 | F65: No. | G65: 0 | H65: =G65*E65 -> 0 | I65: 35000 | J65: =I65*E65 -> 35000 | L65: =J65+H65 -> 35000
A66: 7.2 | B66: Spare parts for AHU-00248 (Refer Data Sheet) | E66: 1 | F66: Lot | G66: 0 | H66: =G66*E66 -> 0 | I66: 0 | J66: =I66*E66 -> 0 | L66: =J66+H66 -> 0
A67: 7.3 | B67: Foundation/Supports (By Civil Contractor) | E67: 1 | F67: Lot | G67: 0 | H67: =G67*E67 -> 0 | I67: 0 | J67: =I67*E67 -> 0 | L67: =J67+H67 -> 0
A68: 7.4 | B68: Commissioning & Testing | E68: 1 | F68: Lot | G68: 0 | H68: =G68*E68 -> 0 | I68: 15000 | J68: =I68*E68 -> 15000 | L68: =J68+H68 -> 15000
A69: Sub-total Carried to Summary | H69: =SUM(H65:H68) -> 0 | J69: =SUM(J65:J68) -> 50000 | L69: =SUM(L65:L68) -> 50000
A70: 8 | B70: TEST RUN (SECTION 23 05 94)
A71: 8.1 | B71: One Month Test Run of the System | E71: 1 | F71: Lot | G71: 0 | H71: =G71*E71 -> 0 | I71: 60000 | J71: =I71*E71 -> 60000 | L71: =J71+H71 -> 60000
A72: Sub-total Carried to Summary | H72: =SUM(H71) -> 0 | J72: =SUM(J71) -> 60000 | L72: =SUM(L71) -> 60000
A73: 9 | B73: CLEANING, BALANCING & TESTING (SECTION 23 05 93)
A74: 9.1 | B74: Cleaning & Adjusting | E74: 1 | F74: Lot | G74: 0 | H74: =G74*E74 -> 0 | I74: 15000 | J74: =I74*E74 -> 15000 | L74: =J74+H74 -> 15000
A75: 9.2 | B75: Balancing | E75: 1 | F75: Lot | G75: 0 | H75: =G75*E75 -> 0 | I75: 60000 | J75: =I75*E75 -> 60000 | L75: =J75+H75 -> 60000
A76: 9.3 | B76: Testing & Commissioning | E76: 1 | F76: Lot | G76: 0 | H76: =G76*E76 -> 0 | I76: 15000 | J76: =I76*E76 -> 15000 | L76: =J76+H76 -> 15000
A77: Sub-total Carried to Summary | H77: =SUM(H74:H76) -> 0 | J77: =SUM(J74:J76) -> 90000 | L77: =SUM(L74:L76) -> 90000
A78: 10 | B78: PAINTING & FINISHING AND MECHANICAL IDENTIFICATION (SECTION 23 05 50 & 23 05 53)
A79: 10.1 | B79: Painting & Finishing (Section 23 05 50) | E79: 1 | F79: Lot | G79: 0 | H79: =G79*E79 -> 0 | I79: 30000 | J79: =I79*E79 -> 30000 | L79: =J79+H79 -> 30000
A80: 10.2 | B80: Equipment Data Plates (Section 23 05 53) | E80: 1 | F80: Lot | G80: 0 | H80: =G80*E80 -> 0 | I80: 15000 | J80: =I80*E80 -> 15000 | L80: =J80+H80 -> 15000
A81: Sub-total Carried to Summary | H81: =SUM(H79:H80) -> 0 | J81: =SUM(J79:J80) -> 45000 | L81: =SUM(L79:L80) -> 45000
A82: 11 | B82: MISCELLANEOUS
A83: 11.1 | B83: Shop Drawings | E83: 1 | F83: Lot | G83: 0 | H83: =G83*E83 -> 0 | I83: 15000 | J83: =I83*E83 -> 15000 | L83: =J83+H83 -> 15000
A84: 11.2 | B84: As Built Drawings | E84: 1 | F84: Lot | G84: 0 | H84: =G84*E84 -> 0 | I84: 10000 | J84: =I84*E84 -> 10000 | L84: =J84+H84 -> 10000
A85: 11.3 | B85: Structural Opening & Core Cuts | E85: 1 | F85: Lot | G85: 0 | H85: =G85*E85 -> 0 | I85: 30000 | J85: =I85*E85 -> 30000 | L85: =J85+H85 -> 30000
A86: 11.4 | B86: Wall Openings | E86: 1 | F86: Lot | G86: 0 | H86: =G86*E86 -> 0 | I86: 20000 | J86: =I86*E86 -> 20000 | L86: =J86+H86 -> 20000
A87: Sub-total Carried to Summary | H87: =SUM(H83:H86) -> 0 | J87: =SUM(J83:J86) -> 75000 | L87: =SUM(L83:L86) -> 75000
A88: Grand Total Amount Rs | H88: =H87+H81+H77+H72+H69+H63+H59+H34+H30+H26+H16 -> 1659649.5 | J88: =J87+J81+J77+J72+J69+J63+J59+J34+J30+J26+J16 -> 639360 | L88: =L87+L81+L77+L72+L69+L63+L59+L34+L30+L26+L16 -> 2299009.5

Sheet Fire
A1: DOLMEN CITY FAMILY AREA, SECOND FLOOR | J1: BILL OF QUANTITIES
A2: FIRE SUPPRESSION SYSTEM WORKS | J2: DATED: APRIL 12, 2023
A4: BILL OF QUANTITIES
A6: (1) | B6: (2) | C6: (3) | D6: (4) | E6: (5) | F6: (6) | G6: (7) | H6: (8) | I6: (9) | J6: (10)
A7: ITEM NO. | B7: DESCRIPTION | C7: ESTIMATED QUANTITY | D7: UNIT | E7: MATERIAL | G7: INSTALLATION | I7: TOTAL
E8: RATE | F8: AMOUNT | G8: RATE | H8: AMOUNT | I8: RATE | J8: AMOUNT
E9: (Rs.) | F9: (Rs.) | G9: (Rs.) | H9: (Rs.) | I9: (Rs.) | J9: (Rs.)
F10: (3) x (5) | H10: (3) x (7) | I10: (5) + (7) | J10: (6) + (8)
A11: 1 | B11: FIRE SPRINKLERS (SECTION 21 13 10 & DS/1283E-21 13 10)
A12: 1.1 | B12: Fire Sprinkler-Concealed Pendent, Standard Response (SP-01)- NEW | C12: 5 | D12: Nos. | E12: 9000 | F12: =E12*C12 -> 45000 | G12: 1000 | H12: =G12*C12 -> 5000 | J12: =H12+F12 -> 50000
A13: 1.2 | B13: Dismantling and relocation of Existing Fire Sprinkler-Concealed Pendent, Standard Response (SP-01)- Complete in all Respect | C13: 1 | D13: Lot | E13: 0 | F13: =E13*C13 -> 0 | G13: 35000 | H13: =G13*C13 -> 35000 | J13: =H13+F13 -> 35000
A14: 1.3 | B14: Cabinet complete with 06 Spare Sprinklers (Pendent ESFR Sprinkler) (SP-01) | C14: - | D14: No. | E14: 0 | F14: Rate Only | G14: 0 | H14: Rate Only | J14: Rate Only
A15: Sub-total Carried to Summary | F15: =SUM(F12:F14) -> 45000 | H15: =SUM(H12:H14) -> 40000 | J15: =SUM(J12:J14) -> 85000
A16: 2 | B16: CORRUGATED STAINLESS STEEL FLEXIBLE CONNECTOR
A17: 2.1 | B17: Corrugated Stainless Steel Flexible Connector Ø 1" X 3 ft (UL/FM) - NEW | C17: =C12 -> 5 | D17: Nos. | E17: 11000 | F17: =E17*C17 -> 55000 | G17: 1000 | H17: =G17*C17 -> 5000 | J17: =H17+F17 -> 60000
A18: Sub-total Carried to Summary | F18: =SUM(F17) -> 55000 | H18: =SUM(H17) -> 5000 | J18: =SUM(J17) -> 60000
A19: 3 | B19: PORTABLE FIRE EXTINGUISHER FOR FIRE TYPES A, B, C & AFFF (SECTION 21 21 10 & DS/1283E-21 21 10)
A20: 3.1 | B20: Supply & Installation of 6kg Dry Powder Extinguisher (ABC) | C20: 1 | D20: No. | E20: 17000 | F20: =E20*C20 -> 17000 | G20: 500 | H20: =G20*C20 -> 500 | J20: =H20+F20 -> 17500
A21: Sub-total Carried to Summary | F21: =SUM(F20) -> 17000 | H21: =SUM(H20) -> 500 | J21: =SUM(J20) -> 17500
A22: 4 | B22: BLACK STEEL SCHEDULE-40 PIPING (SECTION 21 10 10)
A23: 4.1 | B23: Welded Piping System
A24: 4.1.1 | B24: Ø 250 mm | C24: - | D24: Rm | E24: 0 | F24: Rate Only | G24: 0 | H24: Rate Only | J24: Rate Only
A25: 4.1.2 | B25: Ø 200 mm | C25: - | D25: Rm | E25: 0 | F25: Rate Only | G25: 0 | H25: Rate Only | J25: Rate Only
A26: 4.1.3 | B26: Ø 150 mm | C26: - | D26: Rm | E26: 0 | F26: Rate Only | G26: 0 | H26: Rate Only | J26: Rate Only
A27: 4.1.4 | B27: Ø 100 mm | C27: - | D27: Rm | E27: 0 | F27: Rate Only | G27: 0 | H27: Rate Only | J27: Rate Only
A28: 4.1.5 | B28: Ø 75 mm | C28: - | D28: Rm | E28: 0 | F28: Rate Only | G28: 0 | H28: Rate Only | J28: Rate Only
A29: 4.1.6 | B29: Ø 65 mm | C29: - | D29: Rm | E29: 0 | F29: Rate Only | G29: 0 | H29: Rate Only | J29: Rate Only
A30: 4.2 | B30: Threaded Piping System
A31: 4.2.1 | B31: Ø 50 mm | C31: - | D31: Rm | E31: 6800 | F31: Rate Only | G31: 1200 | H31: Rate Only | J31: Rate Only
A32: 4.2.2 | B32: Ø 40 mm | C32: 4 | D32: Rm | E32: 5750 | F32: =E32*C32 -> 23000 | G32: 1000 | H32: =G32*C32 -> 4000 | J32: =H32+F32 -> 27000
A33: 4.2.3 | B33: Ø 32 mm | C33: 7 | D33: Rm | E33: 4800 | F33: =E33*C33 -> 33600 | G33: 900 | H33: =G33*C33 -> 6300 | J33: =H33+F33 -> 39900
A34: 4.2.4 | B34: Ø 25 mm | C34: 44 | D34: Rm | E34: 3250 | F34: =E34*C34 -> 143000 | G34: 800 | H34: =G34*C34 -> 35200 | J34: =H34+F34 -> 178200
A35: Sub-total Carried to Summary | F35: =SUM(F24:F34) -> 199600 | H35: =SUM(H24:H34) -> 45500 | J35: =SUM(J24:J34) -> 245100
A36: 5 | B36: SIESMIC BRACING
A37: 5.1 | B37: Transverse Seismic Bracing (As per FND Detail No. FND/SS/10)
A38: 5.1.1 | B38: Ø 200 mm | C38: - | D38: No. | E38: 0 | F38: Rate Only | G38: 0 | H38: Rate Only | J38: Rate Only
A39: 5.1.2 | B39: Ø 150 mm | C39: - | D39: No. | E39: 0 | F39: Rate Only | G39: 0 | H39: Rate Only | J39: Rate Only
A40: 5.1.3 | B40: Ø 100 mm | C40: - | D40: No. | E40: 0 | F40: Rate Only | G40: 0 | H40: Rate Only | J40: Rate Only
A41: 5.1.4 | B41: Ø 75 mm | C41: - | D41: No. | E41: 0 | F41: Rate Only | G41: 0 | H41: Rate Only | J41: Rate Only
A42: 5.1.5 | B42: Ø 65 mm | C42: - | D42: No. | E42: 0 | F42: Rate Only | G42: 0 | H42: Rate Only | J42: Rate Only
A43: 5.2 | B43: Longitudinal Seismic Bracing (As per FND Detail No. FND/SS/11)
A44: 5.2.1 | B44: Ø 200 mm | C44: - | D44: No. | E44: 0 | F44: Rate Only | G44: 0 | H44: Rate Only | J44: Rate Only
A45: 5.2.2 | B45: Ø 150 mm | C45: - | D45: No. | E45: 0 | F45: Rate Only | G45: 0 | H45: Rate Only | J45: Rate Only
A46: 5.2.3 | B46: Ø 100 mm | C46: - | D46: No. | E46: 0 | F46: Rate Only | G46: 0 | H46: Rate Only | J46: Rate Only
A47: 5.2.4 | B47: Ø 75 mm | C47: - | D47: No. | E47: 0 | F47: Rate Only | G47: 0 | H47: Rate Only | J47: Rate Only
A48: 5.2.5 | B48: Ø 65 mm | C48: - | D48: No. | E48: 0 | F48: Rate Only | G48: 0 | H48: Rate Only | J48: Rate Only
A49: 5.3 | B49: Four Way Seismic Bracing (As per FND Detail No. FND/ADD/10)
A50: 5.3.1 | B50: Ø 200 mm | C50: - | D50: No. | E50: 0 | F50: Rate Only | G50: 0 | H50: Rate Only | J50: Rate Only
A51: 5.3.2 | B51: Ø 150 mm | C51: - | D51: No. | E51: 0 | F51: Rate Only | G51: 0 | H51: Rate Only | J51: Rate Only
A52: 5.3.3 | B52: Ø 100 mm | C52: - | D52: No. | E52: 0 | F52: Rate Only | G52: 0 | H52: Rate Only | J52: Rate Only
A53: 5.3.4 | B53: Ø 75 mm | C53: - | D53: No. | E53: 0 | F53: Rate Only | G53: 0 | H53: Rate Only | J53: Rate Only
A54: 5.3.5 | B54: Ø 65 mm | C54: - | D54: No. | E54: 0 | F54: Rate Only | G54: 0 | H54: Rate Only | J54: Rate Only
A55: 5.4 | B55: Seismic Restraint (As per FND Detail No. FND/ADD/08)
A56: 5.4.1 | B56: Ø 50 mm | C56: - | D56: No. | E56: 0 | F56: Rate Only | G56: 0 | H56: Rate Only | J56: Rate Only
A57: 5.4.2 | B57: Ø 40 mm | C57: 1 | D57: No. | E57: 6500 | F57: =E57*C57 -> 6500 | G57: 1000 | H57: =G57*C57 -> 1000 | J57: =H57+F57 -> 7500
A58: 5.4.3 | B58: Ø 32 mm | C58: 1 | D58: No. | E58: 6000 | F58: =E58*C58 -> 6000 | G58: 1000 | H58: =G58*C58 -> 1000 | J58: =H58+F58 -> 7000
A59: 5.4.4 | B59: Ø 25 mm | C59: 12 | D59: Nos. | E59: 5500 | F59: =E59*C59 -> 66000 | G59: 1000 | H59: =G59*C59 -> 12000 | J59: =H59+F59 -> 78000
A60: Sub-total Carried to Summary | F60: =SUM(F38:F59) -> 78500 | H60: =SUM(H38:H59) -> 14000 | J60: =SUM(J38:J59) -> 92500
A61: 6 | B61: FIRE SPRINKLER SYSTEM ACCEPTANCE TEST (SECTION 21 13 17)
A62: 6.1 | B62: Fire Sprinkler System Acceptance Test | C62: 1 | D62: Lot | E62: 0 | F62: =E62*C62 -> 0 | G62: 15000 | H62: =G62*C62 -> 15000 | J62: =H62+F62 -> 15000
A63: Sub-total Carried to Summary | F63: =SUM(F62) -> 0 | H63: =SUM(H62) -> 15000 | J63: =SUM(J62) -> 15000
A64: 7 | B64: PAINTING COATING & STENCILING (SECTION 21 05 50)
A65: 7.1 | B65: Painting, Coating
A66: 7.1.1 | B66: Ø 250 mm | C66: - | D66: Rm | E66: 0 | F66: Rate Only | G66: 0 | H66: Rate Only | J66: Rate Only
A67: 7.1.2 | B67: Ø 200 mm | C67: - | D67: Rm | E67: 0 | F67: Rate Only | G67: 0 | H67: Rate Only | J67: Rate Only
A68: 7.1.3 | B68: Ø 150 mm | C68: - | D68: Rm | E68: 0 | F68: Rate Only | G68: 0 | H68: Rate Only | J68: Rate Only
A69: 7.1.4 | B69: Ø 100 mm | C69: - | D69: Rm | E69: 0 | F69: Rate Only | G69: 0 | H69: Rate Only | J69: Rate Only
A70: 7.1.5 | B70: Ø 75 mm | C70: - | D70: Rm | E70: 0 | F70: Rate Only | G70: 0 | H70: Rate Only | J70: Rate Only
A71: 7.1.6 | B71: Ø 65 mm | C71: - | D71: Rm | E71: 0 | F71: Rate Only | G71: 0 | H71: Rate Only | J71: Rate Only
A72: 7.1.7 | B72: Ø 50 mm | C72: - | D72: Rm | E72: 0 | F72: Rate Only | G72: 0 | H72: Rate Only | J72: Rate Only
A73: 7.1.8 | B73: Ø 40 mm | C73: =C32 -> 4 | D73: Rm | E73: 600 | F73: =E73*C73 -> 2400 | G73: 500 | H73: =G73*C73 -> 2000 | J73: =H73+F73 -> 4400
A74: 7.1.9 | B74: Ø 32 mm | C74: =C33 -> 7 | D74: Rm | E74: 500 | F74: =E74*C74 -> 3500 | G74: 400 | H74: =G74*C74 -> 2800 | J74: =H74+F74 -> 6300
A75: 7.1.10 | B75: Ø 25 mm | C75: =C34 -> 44 | D75: Rm | E75: 400 | F75: =E75*C75 -> 17600 | G75: 300 | H75: =G75*C75 -> 13200 | J75: =H75+F75 -> 30800
A76: 7.2 | B76: Stenciling & Identification | C76: 1 | D76: Lot | E76: 15000 | F76: =E76*C76 -> 15000 | G76: 5000 | H76: =G76*C76 -> 5000 | J76: =H76+F76 -> 20000
A77: 7.3 | B77: Signage as per NFPA (For Example: Signage of Fire Hose Reel, Landing Valve etc.) | C77: - | D77: Lot | E77: 40000 | F77: Rate Only | G77: 5000 | H77: Rate Only | J77: Rate Only
A78: Sub-total Carried to Summary | F78: =SUM(F66:F77) -> 38500 | H78: =SUM(H66:H77) -> 23000 | J78: =SUM(J66:J77) -> 61500
A79: 8 | B79: PIPE SUPPORT SYSTEM (SECTION 21 05 29)
A80: 8.1 | B80: Engineered Pipe Support System | C80: 1 | D80: Lot | E80: 45000 | F80: =E80*C80 -> 45000 | G80: 8000 | H80: =G80*C80 -> 8000 | J80: =H80+F80 -> 53000
A81: Sub-total Carried to Summary | F81: =SUM(F80) -> 45000 | H81: =SUM(H80) -> 8000 | J81: =SUM(J80) -> 53000
A82: 9 | B82: MISCELLANEOUS
A83: 9.1 | B83: Hydrostatic Testing | C83: 1 | D83: Lot | E83: 0 | F83: =E83*C83 -> 0 | G83: 15000 | H83: =G83*C83 -> 15000 | J83: =H83+F83 -> 15000
A84: 9.2 | B84: Shop Drawings | C84: 1 | D84: Lot | E84: 0 | F84: =E84*C84 -> 0 | G84: 8000 | H84: =G84*C84 -> 8000 | J84: =H84+F84 -> 8000
A85: 9.3 | B85: As Built Drawings | C85: 1 | D85: Lot | E85: 0 | F85: =E85*C85 -> 0 | G85: 5000 | H85: =G85*C85 -> 5000 | J85: =H85+F85 -> 5000
A86: 9.4 | B86: Fire Stoping of Walls & Structure Openings (For Small Openings - Hilti FS - ONE or Approved Equivalent) - UL based Solution | C86: 1 | D86: Lot | E86: 15000 | F86: =E86*C86 -> 15000 | G86: 2000 | H86: =G86*C86 -> 2000 | J86: =H86+F86 -> 17000
A87: 9.5 | B87: Pipe Sleeves | C87: 1 | D87: Lot | E87: 7000 | F87: =E87*C87 -> 7000 | G87: 2000 | H87: =G87*C87 -> 2000 | J87: =H87+F87 -> 9000
A88: 9.6 | B88: Cutting, tapping and Connecting Fire Pipe to Existing Fire Piping as Shown in the drawing 03-FND-1283E-FA-F-14-02-200-00 | C88: 1 | D88: Lot | E88: 0 | F88: =E88*C88 -> 0 | G88: 15000 | H88: =G88*C88 -> 15000 | J88: =H88+F88 -> 15000
A89: Sub-total Carried to Summary | F89: =SUM(F83:F88) -> 22000 | H89: =SUM(H83:H88) -> 47000 | J89: =SUM(J83:J88) -> 69000
A90: Grand Total Amount | F90: =F89+F81+F78+F63+F60+F35+F21+F18+F15 -> 500600 | H90: =H89+H81+H78+H63+H60+H35+H21+H18+H15 -> 198000 | J90: =J89+J81+J78+J63+J60+J35+J21+J18+J15 -> 698600

Sheet Plumbing
A1: DOLMEN CITY FAMILY AREA, SECOND FLOOR | K1: BILL OF QUANTITES
A2: PLUMBING WORKS | K2: DATED: APRIL 12, 2023
A4: BILL OF QUANTITES
A6: (1) | B6: (2) | D6: (3) | E6: (4) | F6: (5) | G6: (6) | H6: (7) | I6: (8) | J6: (9) | K6: (10)
A7: ITEM NO. | B7: DESCRIPTION | D7: ESTIMATED QUANTITY | E7: UNIT | F7: MATERIAL | H7: INSTALLATION | J7: TOTAL
F8: RATE | G8: AMOUNT | H8: RATE | I8: AMOUNT | J8: RATE | K8: AMOUNT
F9: (Rs.) | G9: (Rs.) | H9: (Rs.) | I9: (Rs.) | J9: (Rs.) | K9: (Rs.)
G10: (3) x (5) | I10: (3) x (7) | J10: (5) + (7) | K10: (6) + (8)
A11: 1 | B11: COLD WATER SUPPLY SYSTEM (DOMESTIC WATER)
A12: 1.1 | B12: Poly Propylene Random Pipes - PPR Pipe PN-20 Including all Fittings and Accessories Required for Piping Installation, Testing & Commissioning (Section 22 11 16 & DS/1283E-22 11 16)
A13: 1.1.1 | B13: Ø 65mm | D13: - | E13: Rm | F13: 0 | G13: Rate Only | H13: 0 | I13: Rate Only | K13: Rate Only
A14: 1.1.2 | B14: Ø 50mm | D14: 7.5 | E14: Rm | F14: 5371 | G14: =F14*D14 -> 40282.5 | H14: 413 | I14: =H14*D14 -> 3097.5 | K14: =I14+G14 -> 43380
A15: 1.1.3 | B15: Ø 40mm | D15: 4 | E15: Rm | F15: 3718 | G15: =F15*D15 -> 14872 | H15: 372 | I15: =H15*D15 -> 1488 | K15: =I15+G15 -> 16360
A16: 1.1.4 | B16: Ø 32mm | D16: 13 | E16: Rm | F16: 2024 | G16: =F16*D16 -> 26312 | H16: 331 | I16: =H16*D16 -> 4303 | K16: =I16+G16 -> 30615
A17: 1.1.5 | B17: Ø 25mm | D17: 25 | E17: Rm | F17: 1570 | G17: =F17*D17 -> 39250 | H17: 289 | I17: =H17*D17 -> 7225 | K17: =I17+G17 -> 46475
A18: 1.1.6 | B18: Ø 20mm | D18: 3 | E18: Rm | F18: 992 | G18: =F18*D18 -> 2976 | H18: 248 | I18: =H18*D18 -> 744 | K18: =I18+G18 -> 3720
A19: 1.2 | B19: Valve & Specialities
A20: 1.2.1 | B20: Gate Valves - Brass (Including all Fittings and Accessories Required for Valve Installation) (Section 22 05 23)
A21: 1.2.1.1 | B21: Ø 50mm | D21: - | E21: Nos. | F21: 0 | G21: Rate Only | H21: 0 | I21: Rate Only | K21: Rate Only
A22: 1.2.1.2 | B22: Ø 40mm | D22: - | E22: Nos. | F22: 0 | G22: Rate Only | H22: 0 | I22: Rate Only | K22: Rate Only
A23: 1.2.1.3 | B23: Ø 32mm | D23: 3 | E23: Nos. | F23: 9295 | G23: =F23*D23 -> 27885 | H23: 826 | I23: =H23*D23 -> 2478 | K23: =I23+G23 -> 30363
A24: 1.2.1.4 | B24: Ø 25mm | D24: 6 | E24: Nos. | F24: 7023 | G24: =F24*D24 -> 42138 | H24: 826 | I24: =H24*D24 -> 4956 | K24: =I24+G24 -> 47094
A25: 1.2.2 | B25: Air Vents (Including all Fittings and Accessories Required for Air Vent Installation. Refer Detail # FND/PH/07) (Section 22 68 35)
A26: 1.2.2.1 | B26: Ø 25mm | D26: 1 | E26: Nos. | F26: 7436 | G26: =F26*D26 -> 7436 | H26: 826 | I26: =H26*D26 -> 826 | K26: =I26+G26 -> 8262
A27: 1.2.3 | B27: Pressure Reducing Valves (PRV Assembly with Complete Accessories e.g Valves, Strainers, Pressure Gauges etc.) Refer Tender Drawings (Section 22 05 23)
A28: 1.2.3.1 | B28: Ø 50mm | D28: 1 | E28: No. | F28: 122286 | G28: =F28*D28 -> 122286 | H28: 2479 | I28: =H28*D28 -> 2479 | K28: =I28+G28 -> 124765
A29: 1.3 | B29: Engineered Pipe Support System as per make indicated in Approved list of Manufacturers in Tender document. | D29: 1 | E29: Lot | F29: 37182 | G29: =F29*D29 -> 37182 | H29: 6610 | I29: =H29*D29 -> 6610 | K29: =I29+G29 -> 43792
A30: 1.4 | B30: Pressure Testing of Water Supply Piping (Minimum 150 psi) including all equipment, accessories and arrangements required for Pressure Testing | D30: 1 | E30: Lot | F30: 0 | G30: =F30*D30 -> 0 | H30: 20656 | I30: =H30*D30 -> 20656 | K30: =I30+G30 -> 20656
A31: 1.5 | B31: Supply & Installation of Access Panel 300mm x 300mm in False Ceiling as shown in Tender Drawings | D31: 5 | E31: Nos. | F31: 7436 | G31: =F31*D31 -> 37180 | H31: 826 | I31: =H31*D31 -> 4130 | K31: =I31+G31 -> 41310
A32: 1.6 | B32: Supply & Installation of Access Panel 600mm x 600mm in False Ceiling as shown in Tender Drawings | D32: 1 | E32: No. | F32: 14873 | G32: =F32*D32 -> 14873 | H32: 826 | I32: =H32*D32 -> 826 | K32: =I32+G32 -> 15699
A33: 1.7 | B33: Pressure Gauge With Siphon and Gauge Cock (Section 22 05 23) | D33: 1 | E33: No. | F33: 8263 | G33: =F33*D33 -> 8263 | H33: 826 | I33: =H33*D33 -> 826 | K33: =I33+G33 -> 9089
A34: Sub-total Carried to Summary | G34: =SUM(G13:G33) -> 420935.5 | I34: =SUM(I13:I33) -> 60644.5 | K34: =SUM(K13:K33) -> 481580
A35: 2 | B35: HOT & TEMPERED WATER SUPPLY SYSTEM (DOMESTIC WATER)
A36: 2.1 | B36: Poly Propylene Random Pipes - PPR Pipe PN-20 Including all Fittings and Accessories Required for Piping Installation, Testing & Commissioning (Section 22 11 16 & DS/1283E-22 11 16)
A37: 2.1.1 | B37: Ø 32mm | D37: - | E37: Rm | F37: 0 | G37: Rate Only | H37: 0 | I37: Rate Only | K37: Rate Only
A38: 2.1.2 | B38: Ø 25mm | D38: 32 | E38: Rm | F38: 1363 | G38: =F38*D38 -> 43616 | H38: 331 | I38: =H38*D38 -> 10592 | K38: =I38+G38 -> 54208
A39: 2.1.3 | B39: Ø 20mm | D39: - | E39: Rm | F39: 0 | G39: Rate Only | H39: 0 | I39: Rate Only | K39: Rate Only
A40: 2.2 | B40: Valve & Specialities
A41: 2.2.1 | B41: 3 Way Thermostatic Mixing Valve (Including all Fittings and Accessories Required for Valve Installation)
A42: 2.2.1.1 | B42: Ø 25mm | D42: 2 | E42: Nos. | F42: 71058 | G42: =F42*D42 -> 142116 | H42: 1653 | I42: =H42*D42 -> 3306 | K42: =I42+G42 -> 145422
A43: 2.2.2 | B43: Gate Valves - Brass (Including all Fittings and Accessories Required for Valve Installation) (Section 22 05 23)
A44: 2.2.2.1 | B44: Ø 32mm | D44: - | E44: No. | F44: 0 | G44: Rate Only | H44: 0 | I44: Rate Only | K44: Rate Only
A45: 2.2.2.2 | B45: Ø 25mm | D45: =3+3 -> 6 | E45: Nos. | F45: 8263 | G45: =F45*D45 -> 49578 | H45: 826 | I45: =H45*D45 -> 4956 | K45: =I45+G45 -> 54534
A46: 2.2.2.3 | B46: Ø 20mm | D46: - | E46: Nos. | F46: 0 | G46: Rate Only | H46: 0 | I46: Rate Only | K46: Rate Only
A47: 2.2.3 | B47: Air Vents (Including all Fittings and Accessories Required for Air Vent Installation. Refer Detail # FND/PH/07) (Section 22 68 35)
A48: 2.2.3.1 | B48: Ø 25mm | D48: 3 | E48: Nos. | F48: 7436 | G48: =F48*D48 -> 22308 | H48: 826 | I48: =H48*D48 -> 2478 | K48: =I48+G48 -> 24786
A49: 2.3 | B49: Hot & Tempered Water Pipe Insulation With Cladding Where Applicable as per (DS/1283E-22 07 19 & Section 22 07 19)
A50: 2.3.1 | B50: Ø 32mm | D50: - | E50: Rm | F50: 0 | G50: Rate Only | H50: 0 | I50: Rate Only | K50: Rate Only
A51: 2.3.2 | B51: Ø 25mm | D51: =D38 -> 32 | E51: Rm | F51: 3512 | G51: =F51*D51 -> 112384 | H51: 496 | I51: =H51*D51 -> 15872 | K51: =I51+G51 -> 128256
A52: 2.3.3 | B52: Ø 20mm | D52: =D39 -> - | E52: Rm | F52: 0 | G52: Rate Only | H52: 0 | I52: Rate Only | K52: Rate Only
A53: 2.4 | B53: Pipe Support System as per make indicated in Approved list of Manufacturers in Tender document. | D53: 1 | E53: Lot | F53: 39660 | G53: =F53*D53 -> 39660 | H53: 9915 | I53: =H53*D53 -> 9915 | K53: =I53+G53 -> 49575
A54: 2.5 | B54: Pressure Testing of Hot Water Supply Piping (Including all equipment, accessories and arrangements required for Pressure Testing) | D54: 1 | E54: Lot | F54: 0 | G54: =F54*D54 -> 0 | H54: 12394 | I54: =H54*D54 -> 12394 | K54: =I54+G54 -> 12394
A55: 2.6 | B55: Supply & Installation of Electric Operated Hot Water Heaters (Section 22 33 00 & DS/1283E-22 33 00)
A56: 2.6.1 | B56: Supply, Installation and Commissioning of Electric Operated Hot Water Heater EHWH/01 & 02, 30L heating capacity. Including all fittings and accessories required from installation till commissioning of Hot Water Heater. | D56: 2 | E56: Nos. | F56: 65274 | G56: =F56*D56 -> 130548 | H56: 2479 | I56: =H56*D56 -> 4958 | K56: =I56+G56 -> 135506
A57: Sub-total Carried to Summary | G57: =SUM(G37:G56) -> 540210 | I57: =SUM(I37:I56) -> 64471 | K57: =SUM(K37:K56) -> 604681
A58: 3 | B58: SOIL, WASTE & VENT DRAIN SYSTEM
A59: 3.1 | B59: Building Toilet & Kitchen Drainage Pipe Conformance to BS-EN1329 (uPVC-NON-PRESSURE CLASS FOR ø ≥ 50mm & uPVC-PRESSURE CLASS-E for ø < 50mm) Including all Fittings and Accessories Required for Piping Installation, Testing and Commissioning e.g Elbows, Y, Double Y, Reducers, Sockets etc. (Section 22 13 20 & DS/1283E-22 13 20)
A60: 3.1.1 | B60: Ø 100mm | D60: 18 | E60: Rm | F60: 4049 | G60: =F60*D60 -> 72882 | H60: 826 | I60: =H60*D60 -> 14868 | K60: =I60+G60 -> 87750
A61: 3.1.2 | B61: Ø 75mm | D61: 5 | E61: Rm | F61: 3123 | G61: =F61*D61 -> 15615 | H61: 826 | I61: =H61*D61 -> 4130 | K61: =I61+G61 -> 19745
A62: 3.1.3 | B62: Ø 50mm | D62: - | E62: Rm | F62: 0 | G62: Rate Only | H62: 0 | I62: Rate Only | K62: Rate Only
A63: 3.1.4 | B63: Ø 40mm | D63: 29 | E63: Rm | F63: 1405 | G63: =F63*D63 -> 40745 | H63: 496 | I63: =H63*D63 -> 14384 | K63: =I63+G63 -> 55129
A64: 3.1.5 | B64: Ø 32mm | D64: - | E64: Rm | F64: 0 | G64: Rate Only | H64: 0 | I64: Rate Only | K64: Rate Only
A65: 3.2 | B65: Building Vent Pipe Conformance to BS-EN1329 (uPVC-NON-PRESSURE CLASS FOR ø ≥ 50mm & uPVC-PRESSURE CLASS-E for ø < 50mm) Including all Fittings and Accessories Required for Piping Installation, Testing and Commissioning e.g Elbows, Y, Double Y, Reducers, Sockets etc. (Section 22 13 20 & DS/1283E-22 13 20)
A66: 3.2.1 | B66: Ø 75mm | D66: - | E66: Rm | F66: 0 | G66: Rate Only | H66: 0 | I66: Rate Only | K66: Rate Only
A67: 3.2.2 | B67: Ø 50mm | D67: 10 | E67: Rm | F67: 1900 | G67: =F67*D67 -> 19000 | H67: 413 | I67: =H67*D67 -> 4130 | K67: =I67+G67 -> 23130
A68: 3.2.3 | B68: Ø 40mm | D68: 15 | E68: Rm | F68: 1405 | G68: =F68*D68 -> 21075 | H68: 413 | I68: =H68*D68 -> 6195 | K68: =I68+G68 -> 27270
A69: 3.3 | B69: Drain Accessories (Section 22 11 19)
A70: 3.3.1 | B70: SS Floor Drain with Multifloor Trap - Refer Detail # FND/SDS/20 (Section 22 11 19) | K70: .
A71: 3.3.1.1 | B71: Ø 75mm | D71: 5 | E71: Nos. | F71: 7436 | G71: =F71*D71 -> 37180 | H71: 826 | I71: =H71*D71 -> 4130 | K71: =I71+G71 -> 41310
A72: 3.3.2 | B72: Floor Clean Out (Sewerage) Refer Detail # FND/SDS/18 (Section 22 11 19)
A73: 3.3.2.1 | B73: Ø 100mm | D73: 2 | E73: Nos. | F73: 5784 | G73: =F73*D73 -> 11568 | H73: 826 | I73: =H73*D73 -> 1652 | K73: =I73+G73 -> 13220
A74: 3.3.3 | B74: Multifloor Trap (Section 22 11 19)
A75: 3.3.3.1 | B75: Ø 100mm | D75: 1 | E75: No. | F75: 6197 | G75: =F75*D75 -> 6197 | H75: 826 | I75: =H75*D75 -> 826 | K75: =I75+G75 -> 7023
A76: 3.4 | B76: Pipe Support System for Drain Pipe as per make indicated in Approved list of Manufacturers in Tender document. | D76: 1 | E76: Lot | F76: 26440 | G76: =F76*D76 -> 26440 | H76: 6610 | I76: =H76*D76 -> 6610 | K76: =I76+G76 -> 33050
A77: 3.5 | B77: Head Testing of Soil, waste and vent piping (Including all equipment, accessories and arrangements required for Head Testing) | D77: 1 | E77: Lot | F77: 0 | G77: =F77*D77 -> 0 | H77: 12394 | I77: =H77*D77 -> 12394 | K77: =I77+G77 -> 12394
A78: Sub-total Carried to Summary | G78: =SUM(G60:G77) -> 250702 | I78: =SUM(I60:I77) -> 69319 | K78: =SUM(K60:K77) -> 320021
A79: 4 | B79: PLUMBING FIXTURES & FITTINGS
A80: 4.1 | B80: Supply & Installation of Wall Mounted Western WC With Concealed Flush Tank and Angle valves and associated accessories (Including test run) (Section 22 41 10 & DS-1283E-22 41 10) | D80: 3 | E80: Nos. | F80: 133854 | G80: =F80*D80 -> 401562 | H80: 8263 | I80: =H80*D80 -> 24789 | K80: =I80+G80 -> 426351
A81: 4.2 | B81: Supply & Installation of Counter Sunk Wash Basin with Waste, Bottle Trap & Tee Stop-Cock (Including test run) (Section 22 41 10 & DS-1283E-22 41 10) | D81: 3 | E81: Nos. | F81: 82626 | G81: =F81*D81 -> 247878 | H81: 6610 | I81: =H81*D81 -> 19830 | K81: =I81+G81 -> 267708
A82: 4.3 | B82: Supply & Installation of Wash Basin Single Lever Mixer With Flexible Hoses (Including test run) (Section 22 41 10 & DS-1283E-22 41 10) | D82: 3 | E82: Nos. | F82: 45444 | G82: =F82*D82 -> 136332 | H82: 6610 | I82: =H82*D82 -> 19830 | K82: =I82+G82 -> 156162
A83: 4.4 | B83: Supply & Installation of Single Bowl Kitchen Sink With Sink Mixer, Waste, Tee Stop-Cock (Including test run) (Section 22 41 10 & DS-1283E-22 41 10) | D83: 1 | E83: No. | F83: 59491 | G83: =F83*D83 -> 59491 | H83: 4958 | I83: =H83*D83 -> 4958 | K83: =I83+G83 -> 64449
A84: 4.5 | B84: Supply & Installation of Hand Operated Shower Spray With Angle Valve (Including test run) (Section 22 41 10 & DS-1283E-22 41 10) | D84: 3 | E84: Nos. | F84: 11981 | G84: =F84*D84 -> 35943 | H84: 826 | I84: =H84*D84 -> 2478 | K84: =I84+G84 -> 38421
A85: 4.6 | B85: Supply & Installation of Toilet Roll Holder (Section 22 41 10 & DS-1283E-22 41 10) (Including test run) | D85: 3 | E85: Nos. | F85: 6610 | G85: =F85*D85 -> 19830 | H85: 413 | I85: =H85*D85 -> 1239 | K85: =I85+G85 -> 21069
A86: 4.7 | B86: Supply & Installation of Soap Dispenser (Section 22 41 10 & DS-1283E-22 41 10) (Including test run) | D86: 5 | E86: Nos. | F86: 9089 | G86: =F86*D86 -> 45445 | H86: 826 | I86: =H86*D86 -> 4130 | K86: =I86+G86 -> 49575
A87: 4.8 | B87: Supply & Installation of bibcock for janitor room (Including test run) (Section 22 41 10 & DS-1283E-22 41 10) | D87: 1 | E87: No. | F87: 8474 | G87: =F87*D87 -> 8474 | H87: 826 | I87: =H87*D87 -> 826 | K87: =I87+G87 -> 9300
A88: 4.9 | B88: Supply & Installation of Single Lever Mixer with Pullout Spout & Flexible Hoses (Including test run) for Diaper Changing Station (Section 22 41 10 & DS-1283E-22 41 10) | D88: 3 | E88: Nos. | F88: 65274 | G88: =F88*D88 -> 195822 | H88: 2479 | I88: =H88*D88 -> 7437 | K88: =I88+G88 -> 203259
A89: Sub-total Carried to Summary | G89: =SUM(G80:G88) -> 1150777 | I89: =SUM(I80:I88) -> 85517 | K89: =SUM(K80:K88) -> 1236294
A90: 5 | B90: MISCELLANEOUS
A91: 5.1 | B91: Adaptors/flanges/unions required to join any two dis-similar material pipes (PPR/UPVC) | D91: 1 | E91: Lot | F91: 24788 | G91: =F91*D91 -> 24788 | H91: 41313 | I91: =H91*D91 -> 41313 | K91: =I91+G91 -> 66101
A92: 5.2 | B92: Shop Drawings | D92: 1 | E92: Lot | F92: 0 | G92: =F92*D92 -> 0 | H92: 12394 | I92: =H92*D92 -> 12394 | K92: =I92+G92 -> 12394
A93: 5.3 | B93: As Built Drawings | D93: 1 | E93: Lot | F93: 0 | G93: =F93*D93 -> 0 | H93: 8263 | I93: =H93*D93 -> 8263 | K93: =I93+G93 -> 8263
A94: 5.4 | B94: Pipe Sleeves/Core Cutting where required on RCC Walls & Slabs including core sealing by using material specific for core sealing application - Refer Tender Drawings and relevant Standard Details | D94: 1 | E94: Lot | F94: 16525 | G94: =F94*D94 -> 16525 | H94: 2479 | I94: =H94*D94 -> 2479 | K94: =I94+G94 -> 19004
A95: 5.5 | B95: Connection of New Water Supply, Drainage & Vent piping with Existing risers by taking tap-offs, complete in all respect - Refer Tender Drawings | D95: 1 | E95: Lot | F95: 0 | G95: =F95*D95 -> 0 | H95: 9915 | I95: =H95*D95 -> 9915 | K95: =I95+G95 -> 9915
A96: Sub-total Carried to Summary | G96: =SUM(G91:G95) -> 41313 | I96: =SUM(I91:I95) -> 74364 | K96: =SUM(K91:K95) -> 115677
A97: Grand Total Amount Rs | G97: =G96+G89+G78+G57+G34 -> 2403937.5 | I97: =I96+I89+I78+I57+I34 -> 354315.5 | K97: =K96+K89+K78+K57+K34 -> 2758253
