Workbook
Name \\c: 'FF BOQ 17'!#REF!
Name \\c: 'FF BOQ 18'!#REF!
Name \\c: #N/A
Name \\c: #N/A
Name \\c: #N/A
Name \\c: #N/A
Name \\x: 'FF BOQ 17'!#REF!
Name \\x: 'FF BOQ 18'!#REF!
Name \\x: #N/A
Name \\x: #N/A
Name \\x: #N/A
Name \\x: #N/A
Name \0: #REF!
Name \0: #REF!
Name \0: #REF!
Name \A: #REF!
Name \A: #REF!
Name \A: #REF!
Name \B: #REF!
Name \c: #REF!
Name \d: #REF!
Name \E: #REF!
Name \f: #REF!
Name \g: #REF!
Name \h: #REF!
Name \i: #REF!
Name \j: #REF!
Name \k: #REF!
Name \l: #REF!
Name \M: #REF!
Name \n: #REF!
Name \o: #REF!
Name \p: #REF!
Name \q: #REF!
Name \r: #REF!
Name \s: #REF!
Name \t: #REF!
Name \u: #REF!
Name \v: #REF!
Name \w: #REF!
Name \x: #REF!
Name \y: #REF!
Name \z: #REF!
Name _________COL14: #REF!
Name _________COL16: #REF!
Name _________COL23: #REF!
Name _________COL24: #REF!
Name _________COL25: #REF!
Name _________COL26: #REF!
Name _________COL29: #REF!
Name _________COL6: #REF!
Name _________PCC10: #REF!
Name _________PCC11: #REF!
Name _________PCC12: #REF!
Name _________PCC6: #REF!
Name _________PCC7: #REF!
Name _________PCC8: #REF!
Name _________PCC9: #REF!
Name _______COL10: #REF!
Name _______COL11: #REF!

Sheet Grand Summary
A1: EY Karachi - 17th, & 18th Floors - Grand Summary
A4: S.No | B4: DOMAIN | C4: MATERIAL AMOUNT (Rs.) | D4: INSTALLATION AMOUNT (Rs.) | E4: TOTAL AMOUNT (Rs.)
A6: A | B6: HVAC & Plumbign Works
A7: i | B7: 17th Floor | C7: ='M&P BOQ 17'!I201 -> 24893699 | D7: ='M&P BOQ 17'!K201 -> 3808621.8 | E7: =D7+C7 -> 28702321
A8: ii | B8: 18th Floor | C8: ='M&P BOQ 18'!I201 -> 26014168 | D8: ='M&P BOQ 18'!K201 -> 3431812.8 | E8: =D8+C8 -> 29445980
A10: B | B10: Fire Fighting Works
A11: i | B11: 17th Floor | C11: ='FF BOQ 17'!G65 -> 6343532 | D11: ='FF BOQ 17'!I65 -> 1366574.4 | E11: =D11+C11 -> 7710106.4
A12: ii | B12: 18th Floor | C12: ='FF BOQ 18'!G65 -> 6469436 | D12: ='FF BOQ 18'!I65 -> 1390413.6 | E12: =D12+C12 -> 7859849.6
B14: Total= | C14: =SUM(C5:C12) -> 63720835 | D14: =SUM(D5:D12) -> 9997422.6 | E14: =SUM(E5:E12) -> 73718257

Sheet M&P BOQ 17
A1: BILL OF QUANTITIES
A3: ITEM NO. | B3: DESCRIPTION | E3: VERIFIED QUANTITY | F3: EXTIMATED QUANTITY | G3: UNIT | H3: MATERIAL | J3: INSTALLATION | L3: TOTAL | N3: LEAD TIMES | O3: BRANDS | P3: REMARKS
H4: RATE | I4: AMOUNT | J4: RATE | K4: AMOUNT | L4: RATE | M4: AMOUNT
H5: (Rs.) | I5: (Rs.) | J5: (Rs.) | K5: (Rs.) | L5: (Rs.) | M5: (Rs.)
A6: 1 | B6: FAN COIL UNITS (SECTION 23 73 20 & DS/1909-23 73 20)
A7: 1.1 | B7: Supply & Installation of Fan Coil Units (FCU-17/01) (3.0 TR) Ceiling Hung Type including Wall Mounted Room Thermostat with Scheduling Feature and Auxiliary Drain Pan. | E7: 1 | F7: 1 | G7: No. | H7: 817000 | I7: =H7*E7 -> 817000 | J7: 10320 | K7: =J7*E7 -> 10320 | L7: =J7+H7 -> 827320 | M7: =K7+I7 -> 827320 | N7: Trane | O7: 04 to 05 Months | P7: Awaiting from the supplier
A8: 1.2 | B8: Engineered Supports as per Hitli/Sikla/Walraven/Fischer with Lindapter Type/TR60 complete in all respect | E8: 1 | F8: 1 | G8: Lot | H8: 8600 | I8: =H8*E8 -> 8600 | J8: 1720 | K8: =J8*E8 -> 1720 | L8: =J8+H8 -> 10320 | M8: =K8+I8 -> 10320 | N8: INDEX | O8: 03 to 04 Weeks
A9: 1.3 | B9: Commissioning & Testing | E9: 1 | F9: 1 | G9: No. | I9: =H9*E9 -> 0 | J9: 8600 | K9: =J9*E9 -> 8600 | L9: =J9+H9 -> 8600 | M9: =K9+I9 -> 8600
A10: Sub-total Carried to Summary | J10: 0
A11: 2 | B11: VAV TERMINALS (SECTION 23 36 10 & DS/1909-23 36 10) | J11: 0
A12: 2.1 | B12: Supply & installation of Variable Air Volume (VAV) Terminals with Wall Mounted Thermostat having temperature (Inc./dec.) (Section 23 36 10 & DS/1909-23 36 10) | E12: 21 | F12: 21 | G12: Nos. | H12: 141900 | I12: =H12*E12 -> 2979900 | J12: 8600 | K12: =J12*E12 -> 180600 | L12: =J12+H12 -> 150500 | M12: =K12+I12 -> 3160500 | N12: JES | O12: 02 to 03 Months | P12: Awaiting from the supplier
A13: 2.2 | B13: Engineered Supports system for VAV Terminals with Lindapter Type/TR60 | E13: 1 | F13: 1 | G13: Lot | H13: 25800 | I13: =H13*E13 -> 25800 | J13: 8600 | K13: =J13*E13 -> 8600 | L13: =J13+H13 -> 34400 | M13: =K13+I13 -> 34400
A14: 2.3 | B14: Commissioning & Testing of VAV Terminals | E14: 1 | F14: 1 | G14: Lot | H14: 0 | I14: =H14*E14 -> 0 | J14: 86000 | K14: =J14*E14 -> 86000 | L14: =J14+H14 -> 86000 | M14: =K14+I14 -> 86000
A15: Sub-total Carried to Summary | J15: 0
A16: 3 | B16: DUCT WORK (MACHINE MADE) (SECTION 23 31 13) | J16: 0
A17: 3.1 | B17: Sheet Metal Duct Work (Air Conditioning) (Supply Air), Machine made Ducts (Section 23 31 13) | E17: 13610 | F17: 13220 | G17: Ft² | H17: 425.7 | I17: =H17*E17 -> 5793777 | J17: 86 | K17: =J17*E17 -> 1170460 | L17: =J17+H17 -> 511.7 | M17: =K17+I17 -> 6964237 | N17: ISL | O17: 02 to 03 Weeks
A18: 3.2 | B18: Sheet Metal Duct Work (Air Conditioning) (Return Air), Machine made Ducts (Section 23 31 13) | E18: 180 | F18: 100 | G18: Ft² | H18: 425.7 | I18: =H18*E18 -> 76626 | J18: 86 | K18: =J18*E18 -> 15480 | L18: =J18+H18 -> 511.7 | M18: =K18+I18 -> 92106
A19: 3.3 | B19: Sheet Metal Duct Work (Exhaust Air) Machine made Ducts (Section 23 31 13) | E19: 660 | F19: 600 | G19: Ft² | H19: 425.7 | I19: =H19*E19 -> 280962 | J19: 86 | K19: =J19*E19 -> 56760 | L19: =J19+H19 -> 511.7 | M19: =K19+I19 -> 337722
A20: 3.4 | B20: Quadrant Volume Damper | E20: 260 | F20: 260 | G20: Ft² | H20: 387 | I20: =H20*E20 -> 100620 | J20: 172 | K20: =J20*E20 -> 44720 | L20: =J20+H20 -> 559 | M20: =K20+I20 -> 145340
A21: 3.5 | B21: Flexible Ducts (Section 23 33 46) with Supports, Complete in all Respect | J21: 0
A22: 3.5.1 | B22: Ø 10" (Ø 250mm) | E22: - | G22: Rft | I22: Rate Only | J22: 0 | K22: Rate Only | M22: Rate Only | N22: Flexiva | O22: 06 to 08 Weeks
A23: 3.5.2 | B23: Ø 8" (Ø 200mm) | E23: 60 | F23: 60 | G23: Rft | H23: 602 | I23: =H23*E23 -> 36120 | J23: 258 | K23: =J23*E23 -> 15480 | L23: =J23+H23 -> 860 | M23: =K23+I23 -> 51600
A24: 3.5.3 | B24: Ø 6" (Ø 150mm) | E24: 70 | F24: 70 | G24: Rft | H24: 421.4 | I24: =H24*E24 -> 29498 | J24: 86 | K24: =J24*E24 -> 6020 | L24: =J24+H24 -> 507.4 | M24: =K24+I24 -> 35518
A25: 3.6 | B25: Butterfly Dampers | J25: 0
A26: 3.6.1 | B26: Ø 10" (Ø 250mm) | E26: - | F26: - | G26: No. | H26: 5590 | I26: Rate Only | J26: 860 | K26: Rate Only | M26: Rate Only | N26: Mehran | O26: 06 to 08 Weeks
A27: 3.6.2 | B27: Ø 8" (Ø 200mm) | E27: 28 | F27: 28 | G27: Nos. | H27: 4730 | I27: =H27*E27 -> 132440 | J27: 860 | K27: =J27*E27 -> 24080 | L27: =J27+H27 -> 5590 | M27: =K27+I27 -> 156520
A28: 3.6.3 | B28: Ø 6" (Ø 150mm) | E28: 30 | F28: 30 | G28: Nos. | H28: 4300 | I28: =H28*E28 -> 129000 | J28: 860 | K28: =J28*E28 -> 25800 | L28: =J28+H28 -> 5160 | M28: =K28+I28 -> 154800
A29: 3.7 | B29: Fire Damper - (UL - Listed) | J29: 0
A30: 3.7.1 | B30: 18" x 10" (450mm x 250mm) | E30: 2 | F30: 2 | G30: Nos. | H30: 27520 | I30: =H30*E30 -> 55040 | J30: 2580 | K30: =J30*E30 -> 5160 | L30: =J30+H30 -> 30100 | M30: =K30+I30 -> 60200 | N30: Mehran | O30: 02 to 03 Months
A31: 3.7.2 | B31: 14" x 14" (350mm x 350mm) | E31: 2 | F31: 2 | G31: Nos. | H31: 25800 | I31: =H31*E31 -> 51600 | J31: 2580 | K31: =J31*E31 -> 5160 | L31: =J31+H31 -> 28380 | M31: =K31+I31 -> 56760
A32: 3.8 | B32: Backdraft Damper | J32: 0
A33: 3.8.1 | B33: 44" x 14" (1100mm x 350mm) | E33: 1 | F33: 1 | G33: No. | H33: 16340 | I33: =H33*E33 -> 16340 | J33: 1720 | K33: =J33*E33 -> 1720 | L33: =J33+H33 -> 18060 | M33: =K33+I33 -> 18060 | N33: Mehran | O33: 06 to 08 Weeks
A34: 3.8.2 | B34: 14" x 14" (350mm x 350mm) | E34: 1 | F34: 1 | G34: No. | H34: 6020 | I34: =H34*E34 -> 6020 | J34: 860 | K34: =J34*E34 -> 860 | L34: =J34+H34 -> 6880 | M34: =K34+I34 -> 6880
A35: 3.9 | B35: Cross Talk Silencers for Return Air Intake Size 18" x 8" - Refer FND Detail FND/D/35 | E35: 26 | F35: 26 | G35: Nos. | H35: 7310 | I35: =H35*E35 -> 190060 | J35: 1720 | K35: =J35*E35 -> 44720 | L35: =J35+H35 -> 9030 | M35: =K35+I35 -> 234780
A36: 3.1 | B36: Light Testing for Duct Work | E36: 1 | F36: 1 | G36: Lot | H36: 0 | I36: =H36*E36 -> 0 | J36: 21500 | K36: =J36*E36 -> 21500 | L36: =J36+H36 -> 21500 | M36: =K36+I36 -> 21500
A37: 3.11 | B37: G.I Frame as Duct Sleeves - As per FND Detail | E37: 1 | F37: 1 | G37: Lot | H37: 12900 | I37: =H37*E37 -> 12900 | J37: 6020 | K37: =J37*E37 -> 6020 | L37: =J37+H37 -> 18920 | M37: =K37+I37 -> 18920
A38: 3.12 | B38: Wire Mesh on all Duct Openings | E38: 1 | F38: 1 | G38: Lot | H38: 21500 | I38: =H38*E38 -> 21500 | J38: 4300 | K38: =J38*E38 -> 4300 | L38: =J38+H38 -> 25800 | M38: =K38+I38 -> 25800
A39: 3.13 | B39: Engineered Support system for Ducts with Lindapter Type/TR60 Complete in all Respect | E39: 1 | F39: 1 | G39: Lot | H39: 150500 | I39: =H39*E39 -> 150500 | J39: 21500 | K39: =J39*E39 -> 21500 | L39: =J39+H39 -> 172000 | M39: =K39+I39 -> 172000
A40: Sub-total Carried to Summary
A41: 4 | B41: PIPING (SECTION 23 21 13 & DS/1909-23 21 13)
A42: 4.1 | B42: Supply & Installation Chilled Water Piping
A43: 4.1.1 | B43: Ø 2" (Ø 50mm) | E43: - | F43: - | G43: Rft | H43: 1281.4 | I43: Rate Only | J43: 258 | K43: Rate Only | M43: Rate Only | N43: PROTECK | O43: 02 to 03 Months | P43: Highlighted Data Sheet attached
A44: 4.1.2 | B44: Ø 1½" (Ø 40mm) | E44: - | F44: - | G44: Rft | H44: 1032 | I44: Rate Only | J44: 258 | K44: Rate Only | M44: Rate Only
A45: 4.1.3 | B45: Ø 1¼" (Ø 32mm) | E45: - | F45: - | G45: Rft | H45: 688 | I45: Rate Only | J45: 189.2 | K45: Rate Only | M45: Rate Only
A46: 4.1.4 | B46: Ø 1" (Ø 25mm) | E46: 120 | F46: 100 | G46: Rft | H46: 602 | I46: =H46*E46 -> 72240 | J46: 189.2 | K46: =J46*E46 -> 22704 | L46: =J46+H46 -> 791.2 | M46: =K46+I46 -> 94944
A47: 4.2 | B47: Supply & Installation Cooling Water Piping | J47: 0
A48: 4.2.1 | B48: Ø 2" (Ø 50mm) | E48: - | F48: - | G48: Rft | H48: 1711.4 | I48: Rate Only | J48: 189.2 | K48: Rate Only | M48: Rate Only | N48: Aquatherm | O48: 02 to 03 Months
A49: 4.2.2 | B49: Ø 1½" (Ø 40mm) | E49: - | F49: - | G49: Rft | H49: 1376 | I49: Rate Only | J49: 154.8 | K49: Rate Only | M49: Rate Only
A50: 4.2.3 | B50: Ø 1¼" (Ø 32mm) | E50: 92 | F50: 80 | G50: Rft | H50: 1204 | I50: =H50*E50 -> 110768 | J50: 154.8 | K50: =J50*E50 -> 14241.6 | L50: =J50+H50 -> 1358.8 | M50: =K50+I50 -> 125009.6
A51: 4.2.4 | B51: Ø 1" (Ø 25mm) | E51: - | F51: - | G51: Rft | H51: 1032 | I51: Rate Only | J51: 154.8 | K51: Rate Only | M51: Rate Only
A52: 4.3 | B52: Condensate Drain Piping | J52: 0
A53: 4.3.1 | B53: Ø 1¼" (Ø 32mm) | E53: - | F53: - | G53: Rft | H53: 275.2 | I53: Rate Only | J53: 154.8 | K53: Rate Only | M53: Rate Only | N53: Cosmoplast | O53: 02 to 03 Weeks
A54: 4.3.2 | B54: Ø 1" (Ø 25mm) | E54: 80 | F54: 65 | G54: Rft | H54: 215 | I54: =H54*E54 -> 17200 | J54: 154.8 | K54: =J54*E54 -> 12384 | L54: =J54+H54 -> 369.8 | M54: =K54+I54 -> 29584
A55: 4.4 | B55: Pipe Pressure Testing | E55: 1 | F55: 1 | G55: Lot | H55: 0 | I55: =H55*E55 -> 0 | J55: 21500 | K55: =J55*E55 -> 21500 | L55: =J55+H55 -> 21500 | M55: =K55+I55 -> 21500
A56: 4.5 | B56: Engineered Support system with Lindapter Type/TR60 Complete in all Respect | E56: 1 | F56: 1 | G56: Lot | H56: 12900 | I56: =H56*E56 -> 12900 | J56: 6020 | K56: =J56*E56 -> 6020 | L56: =J56+H56 -> 18920 | M56: =K56+I56 -> 18920
A57: Sub-total Carried to Summary
A58: 5 | B58: VALVES & SPECIALITIES (SECTION 23 05 23, 23 86 20 & 23 86 35)
A59: 5.1 | B59: Supply and Installation of Gate Valves for Chilled & Cooling Water with Material/Flanges/Unions etc. (Section 23 05 23) | Q59: =H110+'M&P BOQ 18'!I110 -> 6312400
A60: 5.1.1 | B60: Ø 2" (Ø 50mm) | E60: - | F60: - | G60: No. | H60: 12040 | I60: Rate Only | J60: 860 | K60: Rate Only | M60: Rate Only | Q60: 1211250
A61: 5.1.2 | B61: Ø 1½" (Ø 40mm) | E61: - | F61: - | G61: No. | H61: 9890 | I61: Rate Only | J61: 860 | K61: Rate Only | M61: Rate Only | N61: SCON | O61: 02 to 03 Months | Q61: 1900000
A62: 5.1.3 | B62: Ø 1¼" (Ø 32mm) | E62: 2 | F62: 2 | G62: Nos. | H62: 6794 | I62: =H62*E62 -> 13588 | J62: 860 | K62: =J62*E62 -> 1720 | L62: =J62+H62 -> 7654 | M62: =K62+I62 -> 15308 | Q62: =SUM(Q59:Q61) -> 9423650
A63: 5.1.4 | B63: Ø 1" (Ø 25mm) | E63: 3 | F63: 3 | G63: Nos. | H63: 5848 | I63: =H63*E63 -> 17544 | J63: 860 | K63: =J63*E63 -> 2580 | L63: =J63+H63 -> 6708 | M63: =K63+I63 -> 20124
A64: 5.1.5 | B64: Ø ¾" (Ø 20mm) | E64: - | F64: - | G64: No. | H64: 3440 | I64: Rate Only | J64: 860 | K64: Rate Only | M64: Rate Only
A65: 5.2 | B65: Supply and Installation of Ball Valve for Chilled & Cooling Water with Material/Flanges/Unions etc. (Section 23 05 23) | J65: 0
A66: 5.2.1 | B66: Ø 1" (Ø 25mm) | E66: - | F66: - | G66: No. | H66: 5590 | I66: Rate Only | J66: 860 | K66: Rate Only | M66: Rate Only | N66: SCON | O66: 02 to 03 Months
A67: 5.2.2 | B67: Ø ¾" (Ø 20mm) | E67: - | F67: - | G67: Nos. | H67: 4730 | I67: Rate Only | J67: 860 | K67: Rate Only | M67: Rate Only
A68: 5.3 | B68: Supply and Installation of Strainer for Chilled & Cooling Water with Material/Flanges/Unions etc. | J68: 0
A69: 5.3.1 | B69: Ø 2" (Ø 50mm) | E69: - | F69: - | G69: No. | H69: 12040 | I69: Rate Only | J69: 860 | K69: Rate Only | M69: Rate Only
A70: 5.3.2 | B70: Ø 1½" (Ø 40mm) | E70: - | F70: - | G70: No. | H70: 8514 | I70: Rate Only | J70: 860 | K70: Rate Only | M70: Rate Only | N70: SCON | O70: 02 to 03 Months
A71: 5.3.3 | B71: Ø 1¼" (Ø 32mm) | E71: 1 | F71: 1 | G71: No. | H71: 6020 | I71: =H71*E71 -> 6020 | J71: 860 | K71: =J71*E71 -> 860 | L71: =J71+H71 -> 6880 | M71: =K71+I71 -> 6880
A72: 5.3.4 | B72: Ø 1" (Ø 25mm) | E72: 1 | F72: 1 | G72: No. | H72: 4730 | I72: =H72*E72 -> 4730 | J72: 860 | K72: =J72*E72 -> 860 | L72: =J72+H72 -> 5590 | M72: =K72+I72 -> 5590
A73: 5.4 | B73: Supply and Installation of Flow Balancing & Shut-off Valve for Cooling Water with Material/Flanges/Unions etc. | J73: 0
A74: 5.4.1 | B74: Ø 1½" (Ø 40mm) | E74: - | F74: - | G74: No. | H74: 70520 | I74: Rate Only | J74: 860 | K74: Rate Only | M74: Rate Only | N74: SCON | O74: 02 to 03 Months
A75: 5.4.2 | B75: Ø 1¼" (Ø 32mm) | E75: 1 | F75: 1 | G75: No. | H75: 55900 | I75: =H75*E75 -> 55900 | J75: 860 | K75: =J75*E75 -> 860 | L75: =J75+H75 -> 56760 | M75: =K75+I75 -> 56760
A76: 5.4.3 | B76: Ø 1" (Ø 25mm) | E76: - | F76: - | G76: No. | H76: 47300 | I76: Rate Only | J76: 860 | K76: Rate Only | M76: Rate Only
A77: 5.5 | B77: Supply & Installation of Automatic Air Vents for WCPU | E77: 2 | F77: 2 | G77: Nos. | H77: 4730 | I77: =H77*E77 -> 9460 | J77: 860 | K77: =J77*E77 -> 1720 | L77: =J77+H77 -> 5590 | M77: =K77+I77 -> 11180
A78: 5.6 | B78: Ø ½" (Ø 15mm) Shredder Fitting for Air Vent/Pressure Testing | E78: 2 | F78: 2 | G78: Nos. | H78: 3010 | I78: =H78*E78 -> 6020 | J78: 860 | K78: =J78*E78 -> 1720 | L78: =J78+H78 -> 3870 | M78: =K78+I78 -> 7740
A79: Sub-total Carried to Summary
A80: 6 | B80: THERMAL INSULATION (SECTION 23 07 13 & 23 07 19 & DS/1909-23 07 13 & 23 07 19)
A81: 6.1 | B81: Insulation of Supply Air Duct-Air Conditioned Space/Air Conditioned Ceiling Cavity | E81: 13610 | F81: 13220 | G81: Ft² | H81: 395.6 | I81: =H81*E81 -> 5384116 | J81: 81.7 | K81: =J81*E81 -> 1111937 | L81: =J81+H81 -> 477.3 | M81: =K81+I81 -> 6496053 | N81: AEROFOAM XLPE | O81: 02 to 03 Months
A82: 6.2 | B82: Insulation of Return Air Duct-Air Conditioned Space/Air Conditioned Ceiling Cavity | E82: 180 | F82: 100 | G82: Ft² | H82: 326.8 | I82: =H82*E82 -> 58824 | J82: 77.4 | K82: =J82*E82 -> 13932 | L82: =J82+H82 -> 404.2 | M82: =K82+I82 -> 72756
A83: 6.3 | B83: Supply & Installation Chilled Water Piping (Section 23 07 19 & DS/1909-23 07 19) | J83: 0
A84: 6.3.1 | B84: Ø 2" (Ø 50mm) | E84: - | F84: - | G84: Rft | H84: 1032 | I84: Rate Only | J84: 223.6 | K84: Rate Only | M84: Rate Only | N84: AEROFOAM XLPE | O84: 02 to 03 Months
A85: 6.3.2 | B85: Ø 1½" (Ø 40mm) | E85: - | F85: - | G85: Rft | H85: 817 | I85: Rate Only | J85: 189.2 | K85: Rate Only | M85: Rate Only
A86: 6.3.3 | B86: Ø 1¼" (Ø 32mm) | E86: - | F86: - | G86: Rft | H86: 683.7 | I86: Rate Only | J86: 189.2 | K86: Rate Only | M86: Rate Only
A87: 6.3.4 | B87: Ø 1" (Ø 25mm) | E87: 120 | F87: 100 | G87: Rft | H87: 593.4 | I87: =H87*E87 -> 71208 | J87: 189.2 | K87: =J87*E87 -> 22704 | L87: =J87+H87 -> 782.6 | M87: =K87+I87 -> 93912
A88: 6.4 | B88: Condensate Drain Piping Insulation (Section 23 07 19 & DS/1909-23 07 19) | J88: 0
A89: 6.4.1 | B89: Ø 1¼" (Ø 32mm) | E89: - | F89: - | G89: Rft | H89: 584.8 | I89: Rate Only | J89: 86 | K89: Rate Only | M89: Rate Only | N89: AEROFOAM XLPE | O89: 02 to 03 Months
A90: 6.4.2 | B90: Ø 1" (Ø 25mm) | E90: 80 | F90: 65 | G90: Rft | H90: 498.8 | I90: =H90*E90 -> 39904 | J90: 86 | K90: =J90*E90 -> 6880 | L90: =J90+H90 -> 584.8 | M90: =K90+I90 -> 46784
A91: 6.5 | B91: Cladding of Valves & Specialities (Openable Boxes with Insulation) | J91: 0
A92: 6.5.1 | B92: Ø 2" (Ø 50mm) | E92: - | F92: - | G92: No. | I92: Rate Only | J92: 0 | K92: Rate Only | M92: Rate Only
A93: 6.5.2 | B93: Ø 1½" (Ø 40mm) | E93: - | F93: - | G93: No. | H93: 2580 | I93: Rate Only | J93: 1720 | K93: Rate Only | M93: Rate Only
A94: 6.5.3 | B94: Ø 1¼" (Ø 32mm) | E94: - | F94: - | G94: No. | H94: 1290 | I94: Rate Only | J94: 860 | K94: Rate Only | M94: Rate Only
A95: 6.5.4 | B95: Ø 1" (Ø 25mm) | E95: 5 | F95: 5 | G95: Nos. | H95: 1290 | I95: Rate Only | J95: 860 | K95: Rate Only | M95: Rate Only
A96: Sub-total Carried to Summary
A97: 7 | B97: AIR DEVICES (SECTION 23 37 13)
A98: 7.1 | B98: Supply Air Linear (Tuttle & Bailey) (Series 7000 1" - 25mm x 2 Slots) with Factory Supplied & Field Installed Plenum with Insulation | E98: 285 | F98: 285 | G98: Rft | H98: 1290 | I98: =H98*E98 -> 367650 | J98: 154.8 | K98: =J98*E98 -> 44118 | L98: =J98+H98 -> 1444.8 | M98: =K98+I98 -> 411768 | N98: Mehran | O98: 02 to 03 Months
A99: 7.2 | B99: Return Air Linear (Tuttle & Bailey) (Series 7000 1" - 25mm x 2 Slots) with Factory Supplied & Field Installed Plenum with Insulation | E99: 225 | F99: 225 | G99: Rft | H99: 1290 | I99: =H99*E99 -> 290250 | J99: 154.8 | K99: =J99*E99 -> 34830 | L99: =J99+H99 -> 1444.8 | M99: =K99+I99 -> 325080
A100: 7.3 | B100: Supply/Return Air Fixed Bar Grill & Register (Tuttle & Bailey - A50 Series) 48" x 6" with Damper | E100: 2 | F100: 2 | G100: Nos. | H100: 62350 | I100: =H100*E100 -> 124700 | J100: 860 | K100: =J100*E100 -> 1720 | L100: =J100+H100 -> 63210 | M100: =K100+I100 -> 126420
A101: 7.4 | B101: Return Air Fixed Bar Grill & Register (Tuttle & Bailey - A50 Series) 72" x 16" with Damper | E101: 1 | F101: 1 | G101: No. | H101: 84280 | I101: =H101*E101 -> 84280 | J101: 860 | K101: =J101*E101 -> 860 | L101: =J101+H101 -> 85140 | M101: =K101+I101 -> 85140
...

Sheet M&P BOQ 18
A1: BILL OF QUANTITIES
A3: (1) | B3: (2) | E3: (3) | G3: (4) | H3: (5) | I3: (6) | J3: (7) | K3: (8) | L3: (9) | M3: (10)
A4: ITEM NO. | B4: DESCRIPTION | E4: VERIFIED QUANTITY | F4: EXTIMATED QUANTITY | G4: UNIT | H4: MATERIAL | J4: INSTALLATION | L4: TOTAL | N4: LEAD TIMES | O4: BRANDS | P4: REMARKS
H5: RATE | I5: AMOUNT | J5: RATE | K5: AMOUNT | L5: RATE | M5: AMOUNT
H6: (Rs.) | I6: (Rs.) | J6: (Rs.) | K6: (Rs.) | L6: (Rs.) | M6: (Rs.)
A7: 1 | B7: FAN COIL UNITS (SECTION 23 73 20 & DS/1909-23 73 20)
A8: 1.1 | B8: Supply & Installation of Fan Coil Units (FCU-18/01-02) (6.0 TR) Ceiling Hung Type including Wall Mounted Room Thermostat with Scheduling Feature and Auxiliary Drain Pan. | E8: 2 | F8: 2 | G8: Nos. | H8: 731000 | I8: =H8*E8 -> 1462000 | J8: 17200 | K8: =J8*E8 -> 34400 | L8: =J8+H8 -> 748200 | M8: =K8+I8 -> 1496400 | N8: Trane | O8: 04 to 05 Months | P8: Awaiting from the supplier
A9: 1.2 | B9: Engineered Supports as per Hitli/Sikla/Walraven/Fischer with Lindapter Type/TR60 complete in all respect | E9: 1 | F9: 1 | G9: Lot | H9: 8600 | I9: =H9*E9 -> 8600 | J9: 4300 | K9: =J9*E9 -> 4300 | L9: =J9+H9 -> 12900 | M9: =K9+I9 -> 12900 | N9: INDEX | O9: 03 to 04 Weeks
A10: 1.3 | B10: Commissioning & Testing | E10: 2 | F10: 2 | G10: Nos. | H10: 0 | I10: =H10*E10 -> 0 | J10: 8600 | K10: =J10*E10 -> 17200 | L10: =J10+H10 -> 8600 | M10: =K10+I10 -> 17200
A11: Sub-total Carried to Summary | H11: 0 | J11: 0
A12: 2 | B12: VAV TERMINALS (SECTION 23 36 10 & DS/1909-23 36 10) | H12: 0 | J12: 0
A13: 2.1 | B13: Supply & installation of Variable Air Volume (VAV) Terminals with Wall Mounted Thermostat having temperature (Inc./dec.) and CFM indication (Section 23 36 10 & DS/1909-23 36 10) | E13: 12 | F13: 12 | G13: Nos. | H13: 193500 | I13: =H13*E13 -> 2322000 | J13: 4128 | K13: =J13*E13 -> 49536 | L13: =J13+H13 -> 197628 | M13: =K13+I13 -> 2371536 | N13: JES | O13: 02 to 03 Months | P13: Awaiting from the supplier
A14: 2.2 | B14: Engineered Supports system for VAV Terminals with Lindapter Type/TR60 | E14: 1 | F14: 1 | G14: Lot | H14: 21500 | I14: =H14*E14 -> 21500 | J14: 4300 | K14: =J14*E14 -> 4300 | L14: =J14+H14 -> 25800 | M14: =K14+I14 -> 25800
A15: 2.3 | B15: Commissioning & Testing of VAV Terminals | E15: 1 | F15: 1 | G15: Lot | H15: 0 | I15: =H15*E15 -> 0 | J15: 43000 | K15: =J15*E15 -> 43000 | L15: =J15+H15 -> 43000 | M15: =K15+I15 -> 43000
A16: Sub-total Carried to Summary | H16: 0 | J16: 0
A17: 3 | B17: DUCT WORK (MACHINE MADE) (SECTION 23 31 13) | H17: 0 | J17: 0
A18: 3.1 | B18: Sheet Metal Duct Work (Air Conditioning) (Supply Air), Machine made Ducts (Section 23 31 13) | E18: 11360 | F18: 10900 | G18: Ft² | H18: 425.7 | I18: =H18*E18 -> 4835952 | J18: 86 | K18: =J18*E18 -> 976960 | L18: =J18+H18 -> 511.7 | M18: =K18+I18 -> 5812912 | N18: ISL | O18: 02 to 03 Weeks
A19: 3.2 | B19: Sheet Metal Duct Work (Air Conditioning) (Return Air), Machine made Ducts (Section 23 31 13) | E19: 220 | F19: 200 | G19: Ft² | H19: 425.7 | I19: =H19*E19 -> 93654 | J19: 86 | K19: =J19*E19 -> 18920 | L19: =J19+H19 -> 511.7 | M19: =K19+I19 -> 112574
A20: 3.3 | B20: Sheet Metal Duct Work (Exhaust Air) Machine made Ducts (Section 23 31 13) | E20: 640 | F20: 600 | G20: Ft² | H20: 425.7 | I20: =H20*E20 -> 272448 | J20: 86 | K20: =J20*E20 -> 55040 | L20: =J20+H20 -> 511.7 | M20: =K20+I20 -> 327488
A21: 3.4 | B21: Quadrant Volume Damper | E21: 160 | F21: 160 | G21: Ft² | H21: 387 | I21: =H21*E21 -> 61920 | J21: 172 | K21: =J21*E21 -> 27520 | L21: =J21+H21 -> 559 | M21: =K21+I21 -> 89440
A22: 3.5 | B22: Flexible Ducts (Section 23 33 46) with Supports, Complete in all respect | H22: 0 | J22: 0
A23: 3.5.1 | B23: Ø 10" (Ø 250mm) | E23: - | F23: - | G23: Rft | H23: 0 | I23: Rate Only | J23: 0 | K23: Rate Only | M23: Rate Only | N23: Flexiva | O23: 06 to 08 Weeks
A24: 3.5.2 | B24: Ø 8" (Ø 200mm) | E24: - | F24: - | G24: Rft | H24: 0 | I24: Rate Only | J24: 0 | K24: Rate Only | M24: Rate Only
A25: 3.5.3 | B25: Ø 6" (Ø 150mm) | E25: 96 | F25: 96 | G25: Rft | H25: 421.4 | I25: =H25*E25 -> 40454.4 | J25: 86 | K25: =J25*E25 -> 8256 | L25: =J25+H25 -> 507.4 | M25: =K25+I25 -> 48710.4
A26: 3.6 | B26: Butterfly Dampers | H26: 0 | J26: 0
A27: 3.6.1 | B27: Ø 10" (Ø 250mm) | E27: - | F27: - | G27: No. | H27: 6450 | I27: Rate Only | J27: 860 | K27: Rate Only | M27: Rate Only | N27: Mehran | O27: 06 to 08 Weeks
A28: 3.6.2 | B28: Ø 8" (Ø 200mm) | E28: - | F28: - | G28: No. | H28: 4730 | I28: Rate Only | J28: 860 | K28: Rate Only | M28: Rate Only
A29: 3.6.3 | B29: Ø 6" (Ø 150mm) | E29: 48 | F29: 48 | G29: Nos. | H29: 4472 | I29: =H29*E29 -> 214656 | J29: 860 | K29: =J29*E29 -> 41280 | L29: =J29+H29 -> 5332 | M29: =K29+I29 -> 255936
A30: 3.7 | B30: Fire Damper - (UL - Listed) | H30: 0 | J30: 0
A31: 3.7.1 | B31: 20" x 16" (500mm x 400mm) | E31: 2 | F31: 2 | G31: Nos. | H31: 30100 | I31: =H31*E31 -> 60200 | J31: 2580 | K31: =J31*E31 -> 5160 | L31: =J31+H31 -> 32680 | M31: =K31+I31 -> 65360 | N31: Mehran | O31: 02 to 03 Months
A32: 3.7.2 | B32: 18" x 10" (450mm x 250mm) | E32: 2 | F32: 2 | G32: Nos. | H32: 27520 | I32: =H32*E32 -> 55040 | J32: 2580 | K32: =J32*E32 -> 5160 | L32: =J32+H32 -> 30100 | M32: =K32+I32 -> 60200
A33: 3.8 | B33: Backdraft Damper | H33: 0 | J33: 0
A34: 3.8.1 | B34: 44" x 14" (1100mm x 350mm) | E34: 2 | F34: 2 | G34: Nos. | H34: 16340 | I34: =H34*E34 -> 32680 | J34: 1720 | K34: =J34*E34 -> 3440 | L34: =J34+H34 -> 18060 | M34: =K34+I34 -> 36120 | N34: Mehran | O34: 06 to 08 Weeks
A35: 3.8.2 | B35: 14" x 14" (350mm x 350mm) | E35: 2 | F35: 2 | G35: Nos. | H35: 6020 | I35: =H35*E35 -> 12040 | J35: 860 | K35: =J35*E35 -> 1720 | L35: =J35+H35 -> 6880 | M35: =K35+I35 -> 13760
A36: 3.9 | B36: Cross Talk Silencers for Return Air Intake Size 18" x 8" - Refer FND Detail FND/D/35 | E36: 14 | F36: 14 | G36: Nos. | H36: 7310 | I36: =H36*E36 -> 102340 | J36: 1720 | K36: =J36*E36 -> 24080 | L36: =J36+H36 -> 9030 | M36: =K36+I36 -> 126420
A37: 3.1 | B37: Light Testing for Duct Work | E37: 1 | F37: 1 | G37: Lot | H37: 0 | I37: =H37*E37 -> 0 | J37: 21500 | K37: =J37*E37 -> 21500 | L37: =J37+H37 -> 21500 | M37: =K37+I37 -> 21500
A38: 3.11 | B38: G.I Frame as Duct Sleeves - As per FND Detail | E38: 1 | F38: 1 | G38: Lot | H38: 12900 | I38: =H38*E38 -> 12900 | J38: 6020 | K38: =J38*E38 -> 6020 | L38: =J38+H38 -> 18920 | M38: =K38+I38 -> 18920
A39: 3.12 | B39: Wire Mesh on all Duct Openings | E39: 1 | F39: 1 | G39: Lot | H39: 21500 | I39: =H39*E39 -> 21500 | J39: 4300 | K39: =J39*E39 -> 4300 | L39: =J39+H39 -> 25800 | M39: =K39+I39 -> 25800
A40: 3.13 | B40: Engineered Support system for Ducts with Lindapter Type/TR60 Complete in all Respect | E40: 1 | F40: 1 | G40: Lot | H40: 150500 | I40: =H40*E40 -> 150500 | J40: 21500 | K40: =J40*E40 -> 21500 | L40: =J40+H40 -> 172000 | M40: =K40+I40 -> 172000
A41: Sub-total Carried to Summary | J41: 0
A42: 4 | B42: PIPING (SECTION 23 21 13 & DS/1909-23 21 13) | J42: 0
A43: 4.1 | B43: Supply & Installation Chilled Water Piping | J43: 0
A44: 4.1.1 | B44: Ø 2" (Ø 50mm) | E44: - | F44: - | G44: Rft | H44: 1281.4 | I44: Rate Only | J44: 258 | K44: Rate Only | M44: Rate Only | N44: PROTECK | O44: 02 to 03 Months | P44: Highlighted Data Sheet attached
A45: 4.1.2 | B45: Ø 1½" (Ø 40mm) | E45: - | F45: - | G45: Rft | H45: 1032 | I45: Rate Only | J45: 258 | K45: Rate Only | M45: Rate Only
A46: 4.1.3 | B46: Ø 1¼" (Ø 32mm) | E46: 120 | F46: 105 | G46: Rft | H46: 688 | I46: =H46*E46 -> 82560 | J46: 189.2 | K46: =J46*E46 -> 22704 | L46: =J46+H46 -> 877.2 | M46: =K46+I46 -> 105264
A47: 4.1.4 | B47: Ø 1" (Ø 25mm) | E47: - | F47: - | G47: Rft | H47: 602 | I47: Rate Only | J47: 172 | K47: Rate Only | M47: Rate Only
A48: 4.2 | B48: Supply & Installation Cooling Water Piping | H48: 0 | J48: 0
A49: 4.2.1 | B49: Ø 2" (Ø 50mm) | E49: - | F49: - | G49: Rft | H49: 1711.4 | I49: Rate Only | J49: 189.2 | K49: Rate Only | M49: Rate Only | N49: Aquatherm | O49: 02 to 03 Months
A50: 4.2.2 | B50: Ø 1½" (Ø 40mm) | E50: 76 | F50: 65 | G50: Rft | H50: 1376 | I50: =H50*E50 -> 104576 | J50: 154.8 | K50: =J50*E50 -> 11764.8 | L50: =J50+H50 -> 1530.8 | M50: =K50+I50 -> 116340.8
A51: 4.2.3 | B51: Ø 1¼" (Ø 32mm) | E51: - | F51: - | G51: Rft | H51: 1204 | I51: Rate Only | J51: 154.8 | K51: Rate Only | M51: Rate Only
A52: 4.2.4 | B52: Ø 1" (Ø 25mm) | E52: - | F52: - | G52: Rft | H52: 1032 | I52: Rate Only | J52: 154.8 | K52: Rate Only | M52: Rate Only
A53: 4.3 | B53: Condensate Drain Piping | H53: 0 | J53: 0
A54: 4.3.1 | B54: Ø 1¼" (Ø 32mm) | E54: 80 | F54: 70 | G54: Rft | H54: 275.2 | I54: =H54*E54 -> 22016 | J54: 154.8 | K54: =J54*E54 -> 12384 | L54: =J54+H54 -> 430 | M54: =K54+I54 -> 34400 | N54: Cosmoplast | O54: 02 to 03 Weeks
A55: 4.3.2 | B55: Ø 1" (Ø 25mm) | E55: - | F55: - | G55: Rft | H55: 215 | I55: Rate Only | J55: 154.8 | K55: Rate Only | M55: Rate Only
A56: 4.4 | B56: Pipe Pressure Testing | E56: 1 | F56: 1 | G56: Lot | H56: 0 | I56: =H56*E56 -> 0 | J56: 21500 | K56: =J56*E56 -> 21500 | L56: =J56+H56 -> 21500 | M56: =K56+I56 -> 21500
A57: 4.5 | B57: Engineered Support system with Lindapter Type/TR60 Complete in all Respect | E57: 1 | F57: 1 | G57: Lot | H57: 12900 | I57: =H57*E57 -> 12900 | J57: 6020 | K57: =J57*E57 -> 6020 | L57: =J57+H57 -> 18920 | M57: =K57+I57 -> 18920
A58: Sub-total Carried to Summary
A59: 5 | B59: VALVES & SPECIALITIES (SECTION 23 05 23, 23 86 20 & 23 86 35)
A60: 5.1 | B60: Supply and Installation of Gate Valves for Chilled & Cooling Water with Material/Flanges/Unions etc. (Section 23 05 23)
A61: 5.1.1 | B61: Ø 2" (Ø 50mm) | E61: - | F61: - | G61: No. | H61: 12040 | I61: Rate Only | J61: 860 | K61: Rate Only | M61: Rate Only
A62: 5.1.2 | B62: Ø 1½" (Ø 40mm) | E62: 2 | F62: 2 | G62: Nos. | H62: 9890 | I62: =H62*E62 -> 19780 | J62: 860 | K62: =J62*E62 -> 1720 | L62: =J62+H62 -> 10750 | M62: =K62+I62 -> 21500 | N62: SCON | O62: 02 to 03 Months
A63: 5.1.3 | B63: Ø 1¼" (Ø 32mm) | E63: 6 | F63: 6 | G63: Nos. | H63: 6794 | I63: =H63*E63 -> 40764 | J63: 860 | K63: =J63*E63 -> 5160 | L63: =J63+H63 -> 7654 | M63: =K63+I63 -> 45924
A64: 5.1.4 | B64: Ø 1" (Ø 25mm) | E64: - | F64: - | G64: No. | H64: 5848 | I64: Rate Only | J64: 860 | K64: Rate Only | M64: Rate Only
A65: 5.1.5 | B65: Ø ¾" (Ø 20mm) | E65: - | F65: - | G65: No. | H65: 3440 | I65: Rate Only | J65: 860 | K65: Rate Only | M65: Rate Only
A66: 5.2 | B66: Supply and Installation of Ball Valve for Chilled & Cooling Water with Material/Flanges/Unions etc. (Section 23 05 23) | H66: 0 | J66: 0
A67: 5.2.1 | B67: Ø 1" (Ø 25mm) | E67: - | F67: - | G67: No. | H67: 5590 | I67: Rate Only | J67: 860 | K67: Rate Only | M67: Rate Only | N67: SCON | O67: 02 to 03 Months
A68: 5.2.2 | B68: Ø ¾" (Ø 20mm) | E68: - | F68: - | G68: Nos. | H68: 4730 | I68: Rate Only | J68: 860 | K68: Rate Only | M68: Rate Only
A69: 5.3 | B69: Supply and Installation of Strainer Chilled & Cooling Water with Material/Flanges/Unions etc. | H69: 0 | J69: 0
A70: 5.3.1 | B70: Ø 2" (Ø 50mm) | E70: - | F70: - | G70: No. | H70: 12040 | I70: Rate Only | J70: 860 | K70: Rate Only | M70: Rate Only
A71: 5.3.2 | B71: Ø 1½" (Ø 40mm) | E71: 1 | F71: 1 | G71: No. | H71: 8514 | I71: =H71*E71 -> 8514 | J71: 860 | K71: =J71*E71 -> 860 | L71: =J71+H71 -> 9374 | M71: =K71+I71 -> 9374 | N71: SCON | O71: 02 to 03 Months
A72: 5.3.3 | B72: Ø 1¼" (Ø 32mm) | E72: 2 | F72: 2 | G72: Nos. | H72: 6020 | I72: =H72*E72 -> 12040 | J72: 860 | K72: =J72*E72 -> 1720 | L72: =J72+H72 -> 6880 | M72: =K72+I72 -> 13760
A73: 5.3.4 | B73: Ø 1" (Ø 25mm) | E73: - | F73: - | G73: No. | H73: 4730 | I73: Rate Only | J73: 860 | K73: Rate Only | M73: Rate Only
A74: 5.4 | B74: Supply and Installation of Flow Balancing & Shut-off Valve for Cooling Water with Material/Flanges/Unions etc. | H74: 0 | J74: 0
A75: 5.4.1 | B75: Ø 1½" (Ø 40mm) | E75: 1 | F75: 1 | G75: No. | H75: 70520 | I75: Rate Only | J75: 860 | K75: Rate Only | M75: Rate Only | N75: SCON | O75: 02 to 03 Months
A76: 5.4.2 | B76: Ø 1¼" (Ø 32mm) | E76: - | F76: - | G76: No. | H76: 55900 | I76: Rate Only | J76: 860 | K76: Rate Only | M76: Rate Only
A77: 5.4.3 | B77: Ø 1" (Ø 25mm) | E77: - | F77: - | G77: No. | H77: 47300 | I77: Rate Only | J77: 860 | K77: Rate Only | M77: Rate Only
A78: 5.5 | B78: Supply & Installation of Automatic Air Vents for WCPU | E78: 2 | F78: 2 | G78: Nos. | H78: 4730 | I78: =H78*E78 -> 9460 | J78: 860 | K78: =J78*E78 -> 1720 | L78: =J78+H78 -> 5590 | M78: =K78+I78 -> 11180
A79: 5.6 | B79: Ø ½" (Ø 15mm) Shredder Fitting for Air Vent/Pressure Testing | E79: 4 | F79: 4 | G79: Nos. | H79: 3010 | I79: =H79*E79 -> 12040 | J79: 860 | K79: =J79*E79 -> 3440 | L79: =J79+H79 -> 3870 | M79: =K79+I79 -> 15480
A80: Sub-total Carried to Summary | J80: 0
A81: 6 | B81: THERMAL INSULATION (SECTION 23 07 13 & 23 07 19 & DS/1909-23 07 13 & 23 07 19) | J81: 0
A82: 6.1 | B82: Insulation of Supply Air Duct-Air Conditioned Space/Air Conditioned Ceiling Cavity | E82: 11360 | F82: 10900 | G82: Ft² | H82: 395.6 | I82: =H82*E82 -> 4494016 | J82: 81.7 | K82: =J82*E82 -> 928112 | L82: =J82+H82 -> 477.3 | M82: =K82+I82 -> 5422128 | N82: AEROFOAM XLPE | O82: 02 to 03 Months
A83: 6.2 | B83: Insulation of Return Air Duct-Air Conditioned Space/Air Conditioned Ceiling Cavity | E83: 220 | F83: 200 | G83: Ft² | H83: 326.8 | I83: =H83*E83 -> 71896 | J83: 77.4 | K83: =J83*E83 -> 17028 | L83: =J83+H83 -> 404.2 | M83: =K83+I83 -> 88924
A84: 6.3 | B84: Supply & Installation Chilled Water Piping (Section 23 07 19 & DS/1909-23 07 19) | H84: 0 | J84: 0
A85: 6.3.1 | B85: Ø 2" (Ø 50mm) | E85: - | F85: - | G85: Rft | H85: 1032 | I85: Rate Only | J85: 223.6 | K85: Rate Only | M85: Rate Only | N85: AEROFOAM XLPE | O85: 02 to 03 Months
A86: 6.3.2 | B86: Ø 1½" (Ø 40mm) | E86: - | F86: - | G86: Rft | H86: 817 | I86: Rate Only | J86: 189.2 | K86: Rate Only | M86: Rate Only
A87: 6.3.3 | B87: Ø 1¼" (Ø 32mm) | E87: 120 | F87: 105 | G87: Rft | H87: 683.7 | I87: =H87*E87 -> 82044 | J87: 189.2 | K87: =J87*E87 -> 22704 | L87: =J87+H87 -> 872.9 | M87: =K87+I87 -> 104748
A88: 6.3.4 | B88: Ø 1" (Ø 25mm) | E88: - | F88: - | G88: Rft | H88: 593.4 | I88: Rate Only | J88: 189.2 | K88: Rate Only | M88: Rate Only
A89: 6.4 | B89: Condensate Drain Piping Insulation (Section 23 07 19 & DS/1909-23 07 19) | H89: 0 | J89: 0
A90: 6.4.1 | B90: Ø 1¼" (Ø 32mm) | E90: 80 | F90: 70 | G90: Rft | H90: 584.8 | I90: =H90*E90 -> 46784 | J90: 86 | K90: =J90*E90 -> 6880 | L90: =J90+H90 -> 670.8 | M90: =K90+I90 -> 53664 | N90: AEROFOAM XLPE | O90: 02 to 03 Months
A91: 6.4.2 | B91: Ø 1" (Ø 25mm) | E91: - | F91: - | G91: Rft | H91: 498.8 | I91: Rate Only | J91: 86 | K91: Rate Only | M91: Rate Only
A92: 6.5 | B92: Cladding of Valves & Specialities (Openable Boxes with Insulation) | H92: 0 | J92: 0
A93: 6.5.1 | B93: Ø 2" (Ø 50mm) | E93: - | F93: - | G93: No. | H93: 0 | I93: Rate Only | J93: 0 | K93: Rate Only | M93: Rate Only
A94: 6.5.2 | B94: Ø 1½" (Ø 40mm) | E94: - | F94: - | G94: No. | H94: 2580 | I94: Rate Only | J94: 1720 | K94: Rate Only | M94: Rate Only
A95: 6.5.3 | B95: Ø 1¼" (Ø 32mm) | E95: 10 | F95: 10 | G95: Nos. | H95: 1290 | I95: =H95*E95 -> 12900 | J95: 860 | K95: =J95*E95 -> 8600 | L95: =J95+H95 -> 2150 | M95: =K95+I95 -> 21500
A96: 6.5.4 | B96: Ø 1" (Ø 25mm) | E96: - | F96: - | G96: No. | H96: 1290 | I96: Rate Only | J96: 860 | K96: Rate Only | M96: Rate Only
A97: Sub-total Carried to Summary
A98: 7 | B98: AIR DEVICES (SECTION 23 37 13)
A99: 7.1 | B99: Supply Air Linear (Tuttle & Bailey) (Series 7000 1" - 25mm x 2 Slots) with Factory Supplied & Field Installed Plenum with Insulation | E99: 160 | F99: 160 | G99: Rft | H99: 1290 | I99: =H99*E99 -> 206400 | J99: 154.8 | K99: =J99*E99 -> 24768 | L99: =J99+H99 -> 1444.8 | M99: =K99+I99 -> 231168 | N99: Mehran | O99: 02 to 03 Months
A100: 7.2 | B100: Return Air Linear (Tuttle & Bailey) (Series 7000 1" - 25mm x 2 Slots) with Factory Supplied & Field Installed Plenum with Insulation | E100: 160 | F100: 160 | G100: Rft | H100: 1290 | I100: =H100*E100 -> 206400 | J100: 154.8 | K100: =J100*E100 -> 24768 | L100: =J100+H100 -> 1444.8 | M100: =K100+I100 -> 231168
A101: 7.3 | B101: Supply/Return Air Fixed Bar Grill & Register (Tuttle & Bailey - A50 Series) 96" x 6" with Damper | E101: 2 | F101: 2 | G101: Nos. | H101: 12470 | I101: =H101*E101 -> 24940 | J101: 860 | K101: =J101*E101 -> 1720 | L101: =J101+H101 -> 13330 | M101: =K101+I101 -> 26660
...

Sheet FF BOQ 17
A1: BILL OF QUANTITIES
A3: ITEM NO. | B3: DESCRIPTION | C3: VERIFIED QUANTITY | D3: EXTIMATED QUANTITY | E3: UNIT | F3: INSTALLATION | H3: TOTAL | J3: TOTAL | L3: LEAD TIMES | M3: BRANDS | N3: REMARKS
F4: RATE | G4: AMOUNT | H4: RATE | I4: AMOUNT | J4: RATE | K4: AMOUNT
F5: (Rs.) | G5: (Rs.) | H5: (Rs.) | I5: (Rs.) | J5: (Rs.) | K5: (Rs.)
A6: 1 | B6: FIRE SPRINKLERS (SECTION 21 13 10 & DS/1909-21 13 10)
A7: 1.1 | B7: Fire Sprinkler- Upright, Quick Response (SP-01) | C7: 83 | D7: 83 | E7: Nos. | F7: 2752 | G7: =F7*C7 -> 228416 | H7: 860 | I7: =H7*C7 -> 71380 | J7: =H7+F7 -> 3612 | K7: =I7+G7 -> 299796 | L7: SHIELD | M7: 02 to 03 Months
A8: 1.2 | B8: Fire Sprinkler- Pendent Concealed, Quick Response (SP-02) | C8: 195 | D8: 195 | E8: Nos. | F8: 2150 | G8: =F8*C8 -> 419250 | H8: 860 | I8: =H8*C8 -> 167700 | J8: =H8+F8 -> 3010 | K8: =I8+G8 -> 586950
A9: 1.3 | B9: Fire Sprinkler- Pendent Sprinkler, Quick Response (SP-03) | C9: 25 | D9: 25 | E9: Nos. | F9: 3612 | G9: =F9*C9 -> 90300 | H9: 860 | I9: =H9*C9 -> 21500 | J9: =H9+F9 -> 4472 | K9: =I9+G9 -> 111800
A10: 1.4 | B10: Cabinet Complete with 06 Spare Sprinklers (Upright) (SP-01) | C10: 1 | D10: 1 | E10: Nos. | F10: 66220 | G10: =F10*C10 -> 66220 | H10: 1720 | I10: =H10*C10 -> 1720 | J10: =H10+F10 -> 67940 | K10: =I10+G10 -> 67940
A11: 1.5 | B11: Cabinet Complete with 06 Spare Sprinklers (Concealed Pendent) (SP-02) | C11: 1 | D11: 1 | E11: No. | F11: 66220 | G11: =F11*C11 -> 66220 | H11: 1720 | I11: =H11*C11 -> 1720 | J11: =H11+F11 -> 67940 | K11: =I11+G11 -> 67940
A12: 1.6 | B12: Cabinet Complete with 06 Spare Sprinklers (Pendent) (SP-03) | C12: 1 | D12: 1 | E12: No. | F12: 41280 | G12: =F12*C12 -> 41280 | H12: 1720 | I12: =H12*C12 -> 1720 | J12: =H12+F12 -> 43000 | K12: =I12+G12 -> 43000
A13: Sub-total Carried to Summary | F13: 0 | H13: 0
A14: 2 | B14: CORRUGATED STAINLESS STEEL FLEXIBLE CONNECTOR | F14: 0 | H14: 0
A15: 2.1 | B15: Corrugated Stainless Steel Flexible Connector Ø 1" X 3 ft (UL/FM) (Braided) | C15: =C8 -> 195 | D15: 195 | E15: Nos. | F15: 9374 | G15: =F15*C15 -> 1827930 | H15: 860 | I15: =H15*C15 -> 167700 | J15: =H15+F15 -> 10234 | K15: =I15+G15 -> 1995630 | L15: Seung Jin Ind Co. Ltd. | M15: 02 to 03 Months
A16: Sub-total Carried to Summary | F16: 0 | H16: 0
A17: 3 | B17: PORTABLE FIRE EXTINGUISHER FOR FIRE TYPES A, B, C & AFFF (SECTION 21 21 10 & DS/1909-21 21 10) | F17: 0 | H17: 0
A18: 3.1 | B18: Supply & Installation of 6 Kg Dry Powder Extinguisher (ABC) | C18: 4 | D18: 4 | E18: Nos. | F18: 16340 | G18: =F18*C18 -> 65360 | H18: 860 | I18: =H18*C18 -> 3440 | J18: =H18+F18 -> 17200 | K18: =I18+G18 -> 68800 | L18: NAFFCO | M18: 02 to 03 Months
A19: 3.2 | B19: Supply & Installation of 6 Kg CO2 Fire Extinguisher | C19: 4 | D19: 4 | E19: Nos. | F19: 25370 | G19: =F19*C19 -> 101480 | H19: 860 | I19: =H19*C19 -> 3440 | J19: =H19+F19 -> 26230 | K19: =I19+G19 -> 104920
A20: Sub-total Carried to Summary | F20: 0
A21: 4 | B21: BLACK STEEL SCHEDULE-40 PIPING (SECTION 21 10 10) | F21: 0
A22: 4.1 | B22: Welded Piping System | F22: 0
A23: 4.1.1 | B23: Ø 4" (100mm) | C23: - | E23: Rft | F23: 0 | G23: Rate Only | I23: Rate Only | J23: Rate Only | K23: Rate Only | L23: IIL | M23: 04 to 05 Weeks | N23: IIL Brand is in LOAM
A24: 4.1.2 | B24: Ø 3" (75mm) | C24: 320 | D24: 290 | E24: Rft | F24: 1634 | G24: =F24*C24 -> 522880 | H24: 258 | I24: =H24*C24 -> 82560 | J24: =H24+F24 -> 1892 | K24: =I24+G24 -> 605440
A25: 4.1.3 | B25: Ø 2½" (65mm) | C25: - | D25: - | E25: Rft | F25: 1548 | G25: Rate Only | H25: 172 | I25: Rate Only | J25: Rate Only | K25: Rate Only
A26: 4.2 | B26: Threaded Piping System | F26: 0 | H26: 0
A27: 4.2.1 | B27: Ø 2" (50mm) | C27: 220 | D27: 215 | E27: Rft | F27: 1075 | G27: =F27*C27 -> 236500 | H27: 215 | I27: =H27*C27 -> 47300 | J27: =H27+F27 -> 1290 | K27: =I27+G27 -> 283800
A28: 4.2.2 | B28: Ø 1½" (40mm) | C28: 462 | D28: 455 | E28: Rft | F28: 817 | G28: =F28*C28 -> 377454 | H28: 189.2 | I28: =H28*C28 -> 87410.4 | J28: =H28+F28 -> 1006.2 | K28: =I28+G28 -> 464864.4
A29: 4.2.3 | B29: Ø 1¼" (32mm) | C29: 480 | D29: 400 | E29: Rft | F29: 688 | G29: =F29*C29 -> 330240 | H29: 189.2 | I29: =H29*C29 -> 90816 | J29: =H29+F29 -> 877.2 | K29: =I29+G29 -> 421056
A30: 4.2.4 | B30: Ø 1" (25mm) | C30: 1840 | D30: 1785 | E30: Rft | F30: 584.8 | G30: =F30*C30 -> 1076032 | H30: 189.2 | I30: =H30*C30 -> 348128 | J30: =H30+F30 -> 774 | K30: =I30+G30 -> 1424160
A31: Sub-total Carried to Summary | F31: 0
A32: 5 | B32: GATE VALVE (SECTION 21 05 23) | F32: 0
A33: 5.1 | B33: Ø2 inch (50mm) | C33: 2 | D33: 2 | E33: Nos. | F33: 76540 | G33: Rate Only | H33: 2580 | I33: Rate Only | J33: Rate Only | K33: Rate Only | L33: SHIELD | M33: 04 to 05 Weeks
A34: Sub-total Carried to Summary | F34: 0
A35: 6 | B35: SIESMIC BRACING | F35: 0
A36: 6.1 | B36: Transverse Seismic Bracing (As per FND Detail No. FND/SS/10) | F36: 0
A37: 6.1.1 | B37: Ø 4" (100mm) | C37: - | E37: No. | F37: 0 | G37: Rate Only | I37: Rate Only | J37: Rate Only | K37: Rate Only | L37: INDEX | M37: 04 to 05 Weeks
A38: 6.1.2 | B38: Ø 3" (75mm) | C38: 11 | D38: 11 | E38: Nos. | F38: 7740 | G38: =F38*C38 -> 85140 | H38: 860 | I38: =H38*C38 -> 9460 | J38: =H38+F38 -> 8600 | K38: =I38+G38 -> 94600
A39: 6.1.3 | B39: Ø 2½" (65mm) | C39: - | E39: No. | F39: 0 | G39: Rate Only | I39: Rate Only | J39: Rate Only | K39: Rate Only
A40: 6.2 | B40: Longitudinal Seismic Bracing (As per FND Detail No. FND/SS/11) | F40: 0
A41: 6.2.1 | B41: Ø 4" (100mm) | C41: - | E41: No. | F41: 0 | G41: Rate Only | H41: Rate Only | I41: Rate Only | J41: Rate Only | K41: Rate Only
A42: 6.2.2 | B42: Ø 3" (75mm) | C42: 7 | D42: 7 | E42: Nos. | F42: 7310 | G42: =F42*C42 -> 51170 | H42: 860 | I42: =H42*C42 -> 6020 | J42: =H42+F42 -> 8170 | K42: =I42+G42 -> 57190
A43: 6.2.3 | B43: Ø 2½" (65mm) | C43: - | E43: No. | F43: 0 | G43: Rate Only | H43: Rate Only | I43: Rate Only | J43: Rate Only | K43: Rate Only
A44: 6.3 | B44: Seismic Restraint (As per FND Detail No. FND/ADD/08) | F44: 0
A45: 6.3.1 | B45: Ø 2" (50mm) | C45: 17 | D45: 17 | E45: Nos. | F45: 4300 | G45: =F45*C45 -> 73100 | H45: 860 | I45: =H45*C45 -> 14620 | J45: =H45+F45 -> 5160 | K45: =I45+G45 -> 87720
A46: 6.3.2 | B46: Ø 1½" (40mm) | C46: 34 | D46: 34 | E46: Nos. | F46: 3440 | G46: =F46*C46 -> 116960 | H46: 860 | I46: =H46*C46 -> 29240 | J46: =H46+F46 -> 4300 | K46: =I46+G46 -> 146200
A47: 6.3.3 | B47: Ø 1¼" (32mm) | C47: 25 | D47: 25 | E47: Nos. | F47: 3440 | G47: =F47*C47 -> 86000 | H47: 860 | I47: =H47*C47 -> 21500 | J47: =H47+F47 -> 4300 | K47: =I47+G47 -> 107500
A48: 6.3.4 | B48: Ø 1" (25mm) | C48: 70 | D48: 70 | E48: Nos. | F48: 2580 | G48: =F48*C48 -> 180600 | H48: 860 | I48: =H48*C48 -> 60200 | J48: =H48+F48 -> 3440 | K48: =I48+G48 -> 240800
A49: Sub-total Carried to Summary | F49: 0
A50: 7 | B50: FIRE SPRINKLER SYSTEM ACCEPTANCE TEST (SECTION 21 13 17) | F50: 0
A51: 7.1 | B51: Fire Sprinkler System Acceptance Test | C51: 1 | D51: 1 | E51: Lot | F51: 0 | G51: =F51*C51 -> 0 | H51: 21500 | I51: =H51*C51 -> 21500 | J51: =H51+F51 -> 21500 | K51: =I51+G51 -> 21500
A52: Sub-total Carried to Summary | F52: 0
A53: 8 | B53: PAINTING COATING & STENCILING (SECTION 21 05 50) | F53: 0
A54: 8.1 | B54: Painting, Coating, Stenciling & Identification of Fire Piping | C54: 1 | D54: 1 | E54: Lot | F54: 107500 | G54: =F54*C54 -> 107500 | H54: 43000 | I54: =H54*C54 -> 43000 | J54: =H54+F54 -> 150500 | K54: =I54+G54 -> 150500
A55: Sub-total Carried to Summary | F55: 0
A56: 9 | B56: PIPE SUPPORT SYSTEM (SECTION 21 05 29) | F56: 0
A57: 9.1 | B57: Engineered Pipe Support System | C57: 1 | D57: 1 | E57: Lot | F57: 146200 | G57: =F57*C57 -> 146200 | H57: 43000 | I57: =H57*C57 -> 43000 | J57: =H57+F57 -> 189200 | K57: =I57+G57 -> 189200
A58: Sub-total Carried to Summary | F58: 0
A59: 10 | B59: MISCELLANEOUS | F59: 0
A60: 10.1 | B60: Hydrostatic Testing | C60: 1 | D60: 1 | E60: Lot | F60: 21500 | G60: =F60*C60 -> 21500 | H60: 4300 | I60: =H60*C60 -> 4300 | J60: =H60+F60 -> 25800 | K60: =I60+G60 -> 25800
A61: 10.2 | B61: Shop Drawings, As Built Drawings, Operation & Maintenance Manuals | C61: 1 | D61: 1 | E61: Lot | F61: 8600 | G61: =F61*C61 -> 8600 | H61: 8600 | I61: =H61*C61 -> 8600 | J61: =H61+F61 -> 17200 | K61: =I61+G61 -> 17200
A62: 10.3 | B62: Fire Stopping of Walls & Structure Openings (For Small Openings - Hilti FS - ONE or Approved Equivalent) | C62: 1 | D62: 1 | E62: Lot | F62: 12900 | G62: =F62*C62 -> 12900 | H62: 4300 | I62: =H62*C62 -> 4300 | J62: =H62+F62 -> 17200 | K62: =I62+G62 -> 17200
A63: 10.4 | B63: Pipe Sleeves | C63: 1 | D63: 1 | E63: Lot | F63: 4300 | G63: =F63*C63 -> 4300 | H63: 4300 | I63: =H63*C63 -> 4300 | J63: =H63+F63 -> 8600 | K63: =I63+G63 -> 8600
A64: Sub-total Carried to Summary
G65: =SUM(G6:G64) -> 6343532 | I65: =SUM(I6:I64) -> 1366574.4 | K65: =SUM(K6:K64) -> 7710106.4

Sheet FF BOQ 18
A1: BILL OF QUANTITIES
A3: ITEM NO. | B3: DESCRIPTION | C3: VERIFIED QUANTITY | D3: EXTIMATED QUANTITY | E3: UNIT | F3: MATERIAL | H3: INSTALLATION | J3: TOTAL | L3: LEAD TIMES | M3: BRANDS | N3: REMARKS
F4: RATE | G4: AMOUNT | H4: RATE | I4: AMOUNT | J4: RATE | K4: AMOUNT
F5: (Rs.) | G5: (Rs.) | H5: (Rs.) | I5: (Rs.) | J5: (Rs.) | K5: (Rs.)
A6: 1 | B6: FIRE SPRINKLERS (SECTION 21 13 10 & DS/1909-21 13 10)
A7: 1.1 | B7: Fire Sprinkler- Upright, Quick Response (SP-01) | C7: 95 | D7: 95 | E7: Nos. | F7: 2752 | G7: =F7*C7 -> 261440 | H7: 860 | I7: =H7*C7 -> 81700 | J7: =H7+F7 -> 3612 | K7: =I7+G7 -> 343140 | L7: SHIELD | M7: 02 to 03 Months
A8: 1.2 | B8: Fire Sprinkler- Pendent Concealed, Quick Response (SP-02) | C8: 200 | D8: 200 | E8: Nos. | F8: 2150 | G8: =F8*C8 -> 430000 | H8: 860 | I8: =H8*C8 -> 172000 | J8: =H8+F8 -> 3010 | K8: =I8+G8 -> 602000
A9: 1.3 | B9: Fire Sprinkler- Pendent Sprinkler, Quick Response (SP-03) | C9: 23 | D9: 23 | E9: Nos. | F9: 3612 | G9: =F9*C9 -> 83076 | H9: 860 | I9: =H9*C9 -> 19780 | J9: =H9+F9 -> 4472 | K9: =I9+G9 -> 102856
A10: 1.4 | B10: Cabinet Complete with 06 Spare Sprinklers (Upright) (SP-01) | C10: 1 | D10: 1 | E10: Nos. | F10: 66220 | G10: =F10*C10 -> 66220 | H10: 1720 | I10: =H10*C10 -> 1720 | J10: =H10+F10 -> 67940 | K10: =I10+G10 -> 67940
A11: 1.5 | B11: Cabinet Complete with 06 Spare Sprinklers (Concealed Pendent) (SP-02) | C11: 1 | D11: 1 | E11: No. | F11: 66220 | G11: =F11*C11 -> 66220 | H11: 1720 | I11: =H11*C11 -> 1720 | J11: =H11+F11 -> 67940 | K11: =I11+G11 -> 67940
A12: 1.6 | B12: Cabinet Complete with 06 Spare Sprinklers (Pendent) (SP-03) | C12: 1 | D12: 1 | E12: No. | F12: 41280 | G12: =F12*C12 -> 41280 | H12: 1720 | I12: =H12*C12 -> 1720 | J12: =H12+F12 -> 43000 | K12: =I12+G12 -> 43000
A13: Sub-total Carried to Summary | F13: 0 | H13: 0
A14: 2 | B14: CORRUGATED STAINLESS STEEL FLEXIBLE CONNECTOR | F14: 0 | H14: 0
A15: 2.1 | B15: Corrugated Stainless Steel Flexible Connector Ø 1" X 3 ft (UL/FM) (Braided) | C15: =C8 -> 200 | D15: 200 | E15: Nos. | F15: 9374 | G15: =F15*C15 -> 1874800 | H15: 860 | I15: =H15*C15 -> 172000 | J15: =H15+F15 -> 10234 | K15: =I15+G15 -> 2046800 | L15: Seung Jin Ind Co. Ltd. | M15: 02 to 03 Months
A16: Sub-total Carried to Summary | F16: 0 | H16: 0
A17: 3 | B17: PORTABLE FIRE EXTINGUISHER FOR FIRE TYPES A, B, C & AFFF (SECTION 21 21 10 & DS/1909-21 21 10) | F17: 0 | H17: 0
A18: 3.1 | B18: Supply & Installation of 6 Kg Dry Powder Extinguisher (ABC) | C18: 4 | D18: 4 | E18: Nos. | F18: 16340 | G18: =F18*C18 -> 65360 | H18: 860 | I18: =H18*C18 -> 3440 | J18: =H18+F18 -> 17200 | K18: =I18+G18 -> 68800 | L18: NAFFCO | M18: 02 to 03 Months
A19: 3.2 | B19: Supply & Installation of 6 Kg CO2 Fire Extinguisher | C19: 4 | D19: 4 | E19: Nos. | F19: 25370 | G19: =F19*C19 -> 101480 | H19: 860 | I19: =H19*C19 -> 3440 | J19: =H19+F19 -> 26230 | K19: =I19+G19 -> 104920
A20: Sub-total Carried to Summary | F20: 0 | H20: 0
A21: 4 | B21: BLACK STEEL SCHEDULE-40 PIPING (SECTION 21 10 10) | F21: 0 | H21: 0
A22: 4.1 | B22: Welded Piping System | F22: 0 | H22: 0
A23: 4.1.1 | B23: Ø 4" (100mm) | C23: - | D23: - | E23: Rft | F23: 0 | G23: Rate Only | H23: 0 | I23: Rate Only | J23: Rate Only | K23: Rate Only | L23: IIL | M23: 04 to 05 Weeks | N23: IIL Brand is in LOAM
A24: 4.1.2 | B24: Ø 3" (75mm) | C24: 332 | D24: 290 | E24: Rft | F24: 1634 | G24: =F24*C24 -> 542488 | H24: 258 | I24: =H24*C24 -> 85656 | J24: =H24+F24 -> 1892 | K24: =I24+G24 -> 628144
A25: 4.1.3 | B25: Ø 2½" (65mm) | C25: - | D25: - | E25: Rft | F25: 1548 | G25: Rate Only | H25: 172 | I25: Rate Only | J25: Rate Only | K25: Rate Only
A26: 4.2 | B26: Threaded Piping System | F26: 0 | H26: 0
A27: 4.2.1 | B27: Ø 2" (50mm) | C27: 240 | D27: 215 | E27: Rft | F27: 1075 | G27: =F27*C27 -> 258000 | H27: 215 | I27: =H27*C27 -> 51600 | J27: =H27+F27 -> 1290 | K27: =I27+G27 -> 309600
A28: 4.2.2 | B28: Ø 1½" (40mm) | C28: 510 | D28: 455 | E28: Rft | F28: 817 | G28: =F28*C28 -> 416670 | H28: 189.2 | I28: =H28*C28 -> 96492 | J28: =H28+F28 -> 1006.2 | K28: =I28+G28 -> 513162
A29: 4.2.3 | B29: Ø 1¼" (32mm) | C29: 408 | D29: 400 | E29: Rft | F29: 688 | G29: =F29*C29 -> 280704 | H29: 189.2 | I29: =H29*C29 -> 77193.6 | J29: =H29+F29 -> 877.2 | K29: =I29+G29 -> 357897.6
A30: 4.2.4 | B30: Ø 1" (25mm) | C30: 1860 | D30: 1785 | E30: Rft | F30: 584.8 | G30: =F30*C30 -> 1087728 | H30: 189.2 | I30: =H30*C30 -> 351912 | J30: =H30+F30 -> 774 | K30: =I30+G30 -> 1439640
A31: Sub-total Carried to Summary | F31: 0 | H31: 0
A32: 5 | B32: GATE VALVE (SECTION 21 05 23) | F32: 0 | H32: 0
A33: 5.1 | B33: Ø2 inch (50 mm) | C33: 2 | D33: 2 | E33: Nos. | F33: 76540 | G33: Rate Only | H33: 2580 | I33: Rate Only | J33: Rate Only | K33: Rate Only | L33: SHIELD | M33: 04 to 05 Weeks
A34: Sub-total Carried to Summary | F34: 0 | H34: 0
A35: 6 | B35: SIESMIC BRACING | F35: 0 | H35: 0
A36: 6.1 | B36: Transverse Seismic Bracing (As per FND Detail No. FND/SS/10) | F36: 0 | H36: 0
A37: 6.1.1 | B37: Ø 4" (100mm) | C37: - | E37: No. | F37: 0 | G37: Rate Only | H37: 0 | I37: Rate Only | J37: Rate Only | K37: Rate Only | L37: INDEX | M37: 04 to 05 Weeks
A38: 6.1.2 | B38: Ø 3" (75mm) | C38: 11 | D38: 11 | E38: Nos. | F38: 7740 | G38: =F38*C38 -> 85140 | H38: 860 | I38: =H38*C38 -> 9460 | J38: =H38+F38 -> 8600 | K38: =I38+G38 -> 94600
A39: 6.1.3 | B39: Ø 2½" (65mm) | C39: - | E39: No. | F39: 0 | G39: Rate Only | H39: 0 | I39: Rate Only | J39: Rate Only | K39: Rate Only
A40: 6.2 | B40: Longitudinal Seismic Bracing (As per FND Detail No. FND/SS/11) | F40: 0 | H40: 0
A41: 6.2.1 | B41: Ø 4" (100mm) | C41: - | E41: No. | F41: 0 | G41: Rate Only | H41: 0 | I41: Rate Only | J41: Rate Only | K41: Rate Only
A42: 6.2.2 | B42: Ø 3" (75mm) | C42: 7 | D42: 7 | E42: Nos. | F42: 7310 | G42: =F42*C42 -> 51170 | H42: 860 | I42: =H42*C42 -> 6020 | J42: =H42+F42 -> 8170 | K42: =I42+G42 -> 57190
A43: 6.2.3 | B43: Ø 2½" (65mm) | C43: - | E43: No. | F43: 0 | G43: Rate Only | H43: 0 | I43: Rate Only | J43: Rate Only | K43: Rate Only
A44: 6.3 | B44: Seismic Restraint (As per FND Detail No. FND/ADD/08) | F44: 0 | H44: 0
A45: 6.3.1 | B45: Ø 2" (50mm) | C45: 17 | D45: 17 | E45: Nos. | F45: 4300 | G45: =F45*C45 -> 73100 | H45: 860 | I45: =H45*C45 -> 14620 | J45: =H45+F45 -> 5160 | K45: =I45+G45 -> 87720
A46: 6.3.2 | B46: Ø 1½" (40mm) | C46: 34 | D46: 34 | E46: Nos. | F46: 3440 | G46: =F46*C46 -> 116960 | H46: 860 | I46: =H46*C46 -> 29240 | J46: =H46+F46 -> 4300 | K46: =I46+G46 -> 146200
A47: 6.3.3 | B47: Ø 1¼" (32mm) | C47: 25 | D47: 25 | E47: Nos. | F47: 3440 | G47: =F47*C47 -> 86000 | H47: 860 | I47: =H47*C47 -> 21500 | J47: =H47+F47 -> 4300 | K47: =I47+G47 -> 107500
A48: 6.3.4 | B48: Ø 1" (25mm) | C48: 70 | D48: 70 | E48: Nos. | F48: 2580 | G48: =F48*C48 -> 180600 | H48: 860 | I48: =H48*C48 -> 60200 | J48: =H48+F48 -> 3440 | K48: =I48+G48 -> 240800
A49: Sub-total Carried to Summary | F49: 0 | H49: 0
A50: 7 | B50: FIRE SPRINKLER SYSTEM ACCEPTANCE TEST (SECTION 21 13 17) | F50: 0 | H50: 0
A51: 7.1 | B51: Fire Sprinkler System Acceptance Test | C51: 1 | D51: 1 | E51: Lot | F51: 0 | G51: =F51*C51 -> 0 | H51: 21500 | I51: =H51*C51 -> 21500 | J51: =H51+F51 -> 21500 | K51: =I51+G51 -> 21500
A52: Sub-total Carried to Summary | F52: 0 | H52: 0
A53: 8 | B53: PAINTING COATING & STENCILING (SECTION 21 05 50) | F53: 0 | H53: 0
A54: 8.1 | B54: Painting, Coating, Stenciling & Identification of Fire Piping | C54: 1 | D54: 1 | E54: Lot | F54: 107500 | G54: =F54*C54 -> 107500 | H54: 43000 | I54: =H54*C54 -> 43000 | J54: =H54+F54 -> 150500 | K54: =I54+G54 -> 150500
A55: Sub-total Carried to Summary | F55: 0 | H55: 0
A56: 9 | B56: PIPE SUPPORT SYSTEM (SECTION 21 05 29) | F56: 0 | H56: 0
A57: 9.1 | B57: Engineered Pipe Support System | C57: 1 | D57: 1 | E57: Lot | F57: 146200 | G57: =F57*C57 -> 146200 | H57: 43000 | I57: =H57*C57 -> 43000 | J57: =H57+F57 -> 189200 | K57: =I57+G57 -> 189200
A58: Sub-total Carried to Summary | F58: 0 | H58: 0
A59: 10 | B59: MISCELLANEOUS | F59: 0 | H59: 0
A60: 10.1 | B60: Hydrostatic Testing | C60: 1 | D60: 1 | E60: Lot | F60: 21500 | G60: =F60*C60 -> 21500 | H60: 4300 | I60: =H60*C60 -> 4300 | J60: =H60+F60 -> 25800 | K60: =I60+G60 -> 25800
A61: 10.2 | B61: Shop Drawings, As Built Drawings, Operation & Maintenance Manuals | C61: 1 | D61: 1 | E61: Lot | F61: 8600 | G61: =F61*C61 -> 8600 | H61: 8600 | I61: =H61*C61 -> 8600 | J61: =H61+F61 -> 17200 | K61: =I61+G61 -> 17200
A62: 10.3 | B62: Fire Stopping of Walls & Structure Openings (For Small Openings - Hilti FS - ONE or Approved Equivalent) | C62: 1 | D62: 1 | E62: Lot | F62: 12900 | G62: =F62*C62 -> 12900 | H62: 4300 | I62: =H62*C62 -> 4300 | J62: =H62+F62 -> 17200 | K62: =I62+G62 -> 17200
A63: 10.4 | B63: Pipe Sleeves | C63: 1 | D63: 1 | E63: Lot | F63: 4300 | G63: =F63*C63 -> 4300 | H63: 4300 | I63: =H63*C63 -> 4300 | J63: =H63+F63 -> 8600 | K63: =I63+G63 -> 8600
A64: Sub-total Carried to Summary
A65: Grand Total Amount Rs | G65: =SUM(G6:G64) -> 6469436 | I65: =SUM(I6:I64) -> 1390413.6 | K65: =SUM(K6:K64) -> 7859849.6

Sheet TOWER-(A) BOQ (2)
A1: TOWER -A&B AT DOLMEN CITY, KARACHI | L1: BILL OF QUANTITIES
A2: TOWER 'A' - HVAC SYSTEM WORKS | L2: DATED: JANUARY 10, 2017
A4: BILL OF QUANTITIES - TOWER 'A'
A6: (1) | B6: (2) | E6: (3) | F6: (4) | G6: (5) | H6: (6) | I6: (7) | J6: (8) | K6: (9) | L6: (10)
A7: ITEM NO. | B7: DESCRIPTION | E7: ESTIMATED QUANTITY | F7: UNIT | G7: MATERIAL | I7: INSTALLATION | K7: TOTAL
G8: RATE | H8: AMOUNT | I8: RATE | J8: AMOUNT | K8: RATE | L8: AMOUNT
G9: (Rs.) | H9: (Rs.) | I9: (Rs.) | J9: (Rs.) | K9: (Rs.) | L9: (Rs.)
H10: (3) x (5) | J10: (3) x (7) | K10: (5) + (7) | L10: (6) + (8)
A11: 1 | B11: INSTALLATION OF AIR HANDLING UNITS {OWNER FURNISHED} (SECTION 23 73 10 & DS/1283-23 73 10) | N11: INSTALLATION OF AIR HANDLING UNITS {OWNER FURNISHED} (SECTION 23 73 10 & DS/1283-23 73 10)
A12: 1.1 | B12: Installation of Air Handling Units - Ceiling Hung (Type-A) | E12: 186 | F12: Nos. | Q12: 18 | R12: No
A13: 1.2 | B13: Installation of Air Handling Units - Ceiling Hung (Type-B) | E13: 4 | F13: Nos. | Q13: 68 | R13: No
A14: 1.3 | B14: Installation of Air Handling Units - Ceiling Hung (Type-C) | E14: 45 | F14: Nos. | Q14: 74 | R14: No
A15: 1.4 | B15: Installation of Air Handling Units - Ceiling Hung (Type-D) | E15: 29 | F15: Nos. | Q15: 10 | R15: No
A16: 1.5 | B16: Installation of Air Handling Units - Floor Mounted (AHU/TA-ENT-01) | E16: 1 | F16: Nos. | N16: Installation of Air Handling Units - Floor Mounted (158TR) | Q16: 2 | R16: No
A17: 1.6 | B17: Installation of Air Handling Units - Floor Mounted (AHU/CHWPR-TA-01 & 02) | E17: 2 | F17: Nos. | N17: Installation of Air Handling Units - Floor Mounted (101TR) | Q17: 2 | R17: No
A18: 1.7 | B18: Installation of Air Handling Units - Floor Mounted (AHU/TA-MCC) | E18: 1 | F18: Nos. | N18: Installation of Air Handling Units - Floor Mounted (122TR) | Q18: 2 | R18: No
A19: 1.8 | B19: Installation of Air Handling Units - Floor Mounted (FAAHU/TA-01) | E19: 2 | F19: Nos. | N19: Installation of Air Handling Units - Floor Mounted (122TR) | Q19: 2 | R19: No
A20: 1.9 | B20: Installation of Air Handling Units - Floor Mounted (FAAHU/TA-02) | E20: 2 | F20: Nos. | N20: Installation of Air Handling Units - Floor Mounted (122TR) | Q20: 2 | R20: No
A21: 1.1 | B21: Lifting & Shifting of Equipments to the Location Designated for Installation | E21: 1 | F21: Lot | N21: Installation of Air Handling Units - Floor Mounted (48TR) | Q21: 1 | R21: No
A22: 1.11 | B22: Foundation {Refer Detail # FND/D/ADD05B} / Supports (Hot Dipped Galvanized Upto 50 to 70 Micron) of Ceiling Hung AHUs | E22: 1 | F22: Lot | N22: Installation of Air Handling Units - Floor Mounted (44TR) | Q22: 1 | R22: No
A23: 1.12 | B23: Foundation {Refer Detail -Type C} / Supports of Floor Mounted AHUs | E23: 1 | F23: Lot | N23: Installation of Air Handling Units - Floor Mounted (23TR) | Q23: 2 | R23: No
A24: 1.13 | B24: Commissioning & Testing | E24: 1 | F24: Lot | N24: Installation of Air Handling Units - Floor Mounted (36TR) | Q24: 1 | R24: No
A25: 1.14 | B25: Ø ½" (Ø 15mm) Shrader Fitting (Pressure Class 300/ PN 20) For Air Vent/Pressure Testing | E25: 382 | F25: Nos.
A26: 1.15 | B26: Ø ½" (Ø 15mm) Shrader Fitting For Air Vent/Pressure Testing | E26: 146 | F26: Nos.
A27: Sub-total Carried to Summary | N27: Lifting & Shifting of Equipments to the Location Designated for Installation | Q27: 181 | R27: Nos.
A28: 2 | B28: INSTALLATION OF ROTARY H.E. AIR TO AIR {OWNER FURNISHED} (SECTION 23 72 13 & DS/1283-23 72 13) | N28: Foundation / Supports (Hot Dipped Galvanized) for Ceiling Hung AHUs | Q28: 1 | R28: Lot
A29: 2.1 | B29: Installation of Heat Recovery Units (HRU/TA-01) | E29: 2 | F29: Nos. | N29: Foundation / Supports (Hot Dipped Galvanized) for Floor Mounted AHUs | Q29: 1 | R29: Lot
A30: 2.2 | B30: Installation of Heat Recovery Units (HRU/TA-02) | E30: 2 | F30: Nos. | N30: Commissioning & Testing | Q30: 1 | R30: Lot
A31: 2.3 | B31: Lifting & Shifting of Equipments to the Location Designated for Installation | E31: 1 | F31: Lot
A32: 2.4 | B32: Foundation & Supports (Hot Dipped Galvanized Upto 50 to 70 Micron) | E32: 1 | F32: Lot
A33: 2.5 | B33: Commissioning & Testing | E33: 1 | F33: Lot
A34: Sub-total Carried to Summary
A35: 3 | B35: HEAT EXCHANGER (SECTION 23 57 10 & DS/1283-23 57 10)
A36: 3.1 | B36: Supply and Installation of Plate Type Heat Exchanger on Chilled Water (HX/TA-01 to 03) | E36: 3 | F36: Nos.
A37: 3.2 | B37: Supply and Installation of Plate Type Heat Exchanger on 24Hrs Cooling Water (HX/TA-04 & 05) | E37: 2 | F37: Nos.
A38: 3.3 | B38: Lifting & Shifting of Equipment to the Location Designated for Installation | E38: 1 | F38: Lot
A39: 3.4 | B39: Foundation / Supports (Hot Dipped Galvanized Upto 50 to 70 Micron) | E39: 1 | F39: Lot
A40: 3.5 | B40: Commissioning & Testing | E40: 1 | F40: Lot
A41: Sub-total Carried to Summary
A42: 4 | B42: INSTALLATION OF FILTER SECTION WITH EMPTY SECTIONS {OWNER FURNISHED} (SECTION 23 41 10 & DS/1283-23 41 10)
A43: 4.1 | B43: Installation of Filter Section with Empty Sections (FS/TA-01) | E43: 2 | F43: Nos.
A44: 4.2 | B44: Installation of Filter Section with Empty Sections (FS/TA-02) | E44: 2 | F44: Nos.
A45: 4.3 | B45: Lifting & Shifting of Equipment to the Location Designated for Installation | E45: 1 | F45: Lot
A46: 4.4 | B46: Foundation / Supports (Hot Dipped Galvanized Upto 50 to 70 Micron) | E46: 1 | F46: Lot
A47: 4.5 | B47: Commissioning & Testing | E47: 1 | F47: Lot
A48: Sub-total Carried to Summary
A49: 5 | B49: INSTALLATION OF FAN COIL UNITS {OWNER FURNISHED} (SECTION 23 73 20 & DS/1283-23 73 20)
A50: 5.1 | B50: Installation of Fan Coil Units - Ceiling Hung (TYPE-A) | E50: 50 | F50: Nos.
A51: 5.2 | B51: Installation of Fan Coil Units - Ceiling Hung (TYPE-B) | E51: 8 | F51: Nos.
A52: 5.3 | B52: Installation of Fan Coil Units - Ceiling Hung (TYPE-C) | E52: 2 | F52: Nos.
A53: 5.4 | B53: Lifting & Shifting of Equipments to the Location Designated for Installation | E53: 1 | F53: Lot
A54: 5.5 | B54: Foundation {{Refer Detail # FND/D/ADD05B} / Supports (Hot Dipped Galvanized Upto 50 to 70 Micron) for Ceiling Hung AHUs | E54: 1 | F54: Lot
A55: 5.6 | B55: Commissioning & Testing | E55: 1 | F55: Lot
A56: 5.7 | B56: Ø 1" (Ø 25mm) Di-Electric Coupling Between Steel and Copper Pipes | E56: 116 | F56: Nos.
A57: 5.8 | B57: Ø 1 ¼" (Ø 32mm) Di-Electric Coupling Between Steel and Copper Pipes | E57: 4 | F57: Nos.
A58: 5.9 | B58: Ø ½" (Ø 15mm) Shrader Fitting (Pressure Class 300/ PN 20) For Air Vent/Pressure Testing | E58: 84 | F58: Nos.
A59: 5.1 | B59: Ø ½" (Ø 15mm) Shrader Fitting For Air Vent/Pressure Testing | E59: 36 | F59: Nos.
A60: Sub-total Carried to Summary
A61: 6 | B61: INSTALLATION OF CENTRIFUGAL PUMPS {OWNER FURNISHED} (SECTION 23 21 30 & DS/1283-23 21 30)
A62: 6.1 | B62: Installation of Centrifugal Pumps (STP/TA-01 & 02) Tertiary Chilled Water Pumps | E62: 2 | F62: Nos.
A63: 6.2 | B63: Installation of Centrifugal Pumps (CWLP/TA-01 & 02) Tertiary Cooling Water Loop Pumps | E63: 2 | F63: Nos.
A64: 6.3 | B64: Foundation / Supports (Hot Dipped Galvanized Upto 50 to 70 Micron) | E64: 1 | F64: Lot
A65: 6.4 | B65: Lifting & Shifting of Equipments to the Location Designated for Installation | E65: 1 | F65: Lot
A66: 6.5 | B66: Commissioning & Testing | E66: 1 | F66: Lot
A67: Sub-total Carried to Summary
A68: 7 | B68: FANS (SECTION 23 34 13 / 23 34 16 & DS/1283-23 34 13 / 23 34 16)
A69: 7.1 | B69: Supply & Installation of Fans (SEF/TA-01 & 02) | E69: 2 | F69: Nos.
A70: 7.2 | B70: Supply & Installation of Fans (SWPF/TA-01 to 04) | E70: 4 | F70: Nos.
A71: 7.3 | B71: Supply & Installation of Fans (TEF/TA-01 & 02) | E71: 2 | F71: Nos.
A72: 7.4 | B72: Supply & Installation of Fans (TEF/TA-03 & 04) | E72: 2 | F72: Nos.
A73: 7.5 | B73: Supply & Installation of Fans (TEF/TA-TYPE-A) | E73: 46 | F73: Nos.
A74: 7.6 | B74: Supply & Installation of Fans (TEF/TA-TYPE-B) | E74: 12 | F74: Nos.
A75: 7.7 | B75: Supply & Installation of Fans (TEF/TA-TYPE-C) | E75: 2 | F75: Nos.
A76: 7.8 | B76: Supply & Installation of Fans (TEF/TA-TYPE-D) | E76: 1 | F76: No.
A77: 7.9 | B77: Supply & Installation of Fans (MFEF/TA-01 & 02) | E77: 2 | F77: Nos.
A78: 7.1 | B78: Lifting & Shifting of Equipments to the Location Designated for Installation | E78: 1 | F78: Lot
A79: 7.11 | B79: Foundation / Supports (Hot Dipped Galvanized Upto 50 to 70 Micron) | E79: 1 | F79: Lot
A80: 7.12 | B80: Commissioning & Testing | E80: 1 | F80: Lot
A81: Sub-total Carried to Summary
A82: 8 | B82: METER & GAUGES (SECTION 23 05 19)
A83: 8.1 | B83: Thermometers with Wells for Pipe Thermometer | E83: =32+14 -> 46 | F83: Nos.
A84: 8.2 | B84: Pressure Gauges on Pipes | E84: =32+14 -> 46 | F84: Nos.
A85: 8.3 | B85: Gauge Outlets with Cock | E85: =36+12 -> 48 | F85: Nos.
A86: 8.4 | B86: Flow Switch on 24-Hours Cooling Water Pipes DN-50 | E86: 59 | F86: Nos.
A87: Sub-total Carried to Summary
A88: =A82+1 -> 9 | B88: PIPING (SECTION 23 21 13 & DS/1283-23 21 13)
A89: =A88+0.1 -> 9.1 | B89: Chilled Water Piping
A90: 9.1.1 | B90: Ø 12" (Ø 300mm) | E90: 30 | F90: Rft
A91: 9.1.2 | B91: Ø 10" (Ø 250mm) | E91: 600 | F91: Rft
A92: 9.1.3 | B92: Ø 8" (Ø 200mm) | E92: 1200 | F92: Rft
A93: 9.1.4 | B93: Ø 6" (Ø 150mm) | E93: 1000 | F93: Rft
A94: 9.1.5 | B94: Ø 5" (Ø 125mm) | E94: 200 | F94: Rft
A95: 9.1.6 | B95: Ø 4" (Ø 100mm) | E95: 200 | F95: Rft
A96: 9.1.7 | B96: Ø 3" (Ø 75mm) | E96: 550 | F96: Rft
A97: 9.1.8 | B97: Ø 2 ½" (Ø 65mm) | E97: 1300 | F97: Rft
A98: 9.1.9 | B98: Ø 2" (Ø 50mm) | E98: 18000 | F98: Rft
A99: 9.1.10 | B99: Ø 1 ½" (Ø 40mm) | E99: 4800 | F99: Rft
A100: 9.1.11 | B100: Ø 1 ¼" (Ø 32mm) | E100: 2200 | F100: Rft
A101: 9.1.12 | B101: Ø 1" (Ø 25mm) | E101: 975 | F101: Rft
A102: 9.2 | B102: Pipe Sleeves | E102: 1 | F102: Lot
...
